mep_id,display_name,first_name,last_name,country,country_code,national_party,eu_group_short,eu_group_full,eu_group_code,vote_position_raw,vote_label_en,vote_label_technical_en,vote_date,email,photo_url_ep,mep_profile_url_ep,source_url
256810,Mika AALTOLA,Mika,AALTOLA,Finland,FIN,,EPP,European People's Party,EPP,AGAINST,Voted to fight sexual abuse online,Voted against rejection,2026-07-09,mika.aaltola@europarl.europa.eu,https://www.europarl.europa.eu/mepphoto/256810.jpg,https://www.europarl.europa.eu/meps/en/256810,https://howtheyvote.eu/votes/195775
257043,Maravillas ABADÍA JOVER,Maravillas,ABADÍA JOVER,Spain,ESP,,EPP,European People's Party,EPP,AGAINST,Voted to fight sexual abuse online,Voted against rejection,2026-07-09,maravillas.abadiajover@europarl.europa.eu,https://www.europarl.europa.eu/mepphoto/257043.jpg,https://www.europarl.europa.eu/meps/en/257043,https://howtheyvote.eu/votes/195775
197490,Magdalena ADAMOWICZ,Magdalena,ADAMOWICZ,Poland,POL,,EPP,European People's Party,EPP,AGAINST,Voted to fight sexual abuse online,Voted against rejection,2026-07-09,magdalena.adamowicz@europarl.europa.eu,https://www.europarl.europa.eu/mepphoto/197490.jpg,https://www.europarl.europa.eu/meps/en/197490,https://howtheyvote.eu/votes/195775
256820,Georgios AFTIAS,Georgios,AFTIAS,Greece,GRC,,EPP,European People's Party,EPP,AGAINST,Voted to fight sexual abuse online,Voted against rejection,2026-07-09,georgios.aftias@europarl.europa.eu,https://www.europarl.europa.eu/mepphoto/256820.jpg,https://www.europarl.europa.eu/meps/en/256820,https://howtheyvote.eu/votes/195775
256987,Oihane AGIRREGOITIA MARTÍNEZ,Oihane,AGIRREGOITIA MARTÍNEZ,Spain,ESP,,Renew,Renew Europe,RENEW,FOR,Said no to action against child sexual abuse,Voted for rejection,2026-07-09,oihane.agirregoitiamartinez@europarl.europa.eu,https://www.europarl.europa.eu/mepphoto/256987.jpg,https://www.europarl.europa.eu/meps/en/256987,https://howtheyvote.eu/votes/195775
113523,Peter AGIUS,Peter,AGIUS,Malta,MLT,,EPP,European People's Party,EPP,AGAINST,Voted to fight sexual abuse online,Voted against rejection,2026-07-09,peter.agius@europarl.europa.eu,https://www.europarl.europa.eu/mepphoto/113523.jpg,https://www.europarl.europa.eu/meps/en/113523,https://howtheyvote.eu/votes/195775
197403,Alex AGIUS SALIBA,Alex,AGIUS SALIBA,Malta,MLT,,S&D,Progressive Alliance of Socialists and Democrats,SD,FOR,Said no to action against child sexual abuse,Voted for rejection,2026-07-09,alex.agiussaliba@europarl.europa.eu,https://www.europarl.europa.eu/mepphoto/197403.jpg,https://www.europarl.europa.eu/meps/en/197403,https://howtheyvote.eu/votes/195775
197400,Abir AL-SAHLANI,Abir,AL-SAHLANI,Sweden,SWE,,Renew,Renew Europe,RENEW,AGAINST,Voted to fight sexual abuse online,Voted against rejection,2026-07-09,abir.alsahlani@europarl.europa.eu,https://www.europarl.europa.eu/mepphoto/197400.jpg,https://www.europarl.europa.eu/meps/en/197400,https://howtheyvote.eu/votes/195775
256956,Galato ALEXANDRAKI,Galato,ALEXANDRAKI,Greece,GRC,,ECR,European Conservatives and Reformists,ECR,FOR,Said no to action against child sexual abuse,Voted for rejection,2026-07-09,galato.alexandraki@europarl.europa.eu,https://www.europarl.europa.eu/mepphoto/256956.jpg,https://www.europarl.europa.eu/meps/en/256956,https://howtheyvote.eu/votes/195775
256869,Grégory ALLIONE,Grégory,ALLIONE,France,FRA,,Renew,Renew Europe,RENEW,AGAINST,Voted to fight sexual abuse online,Voted against rejection,2026-07-09,gregory.allione@europarl.europa.eu,https://www.europarl.europa.eu/mepphoto/256869.jpg,https://www.europarl.europa.eu/meps/en/256869,https://howtheyvote.eu/votes/195775
256858,Nikolaos ANADIOTIS,Nikolaos,ANADIOTIS,Greece,GRC,,Non-attached,Non-attached Members,NI,FOR,Said no to action against child sexual abuse,Voted for rejection,2026-07-09,nikolaos.anadiotis@europarl.europa.eu,https://www.europarl.europa.eu/mepphoto/256858.jpg,https://www.europarl.europa.eu/meps/en/256858,https://howtheyvote.eu/votes/195775
197475,Christine ANDERSON,Christine,ANDERSON,Germany,DEU,,ESN,Europe of Sovereign Nations,ESN,DID_NOT_VOTE,Did not vote,Did not vote,2026-07-09,christine.anderson@europarl.europa.eu,https://www.europarl.europa.eu/mepphoto/197475.jpg,https://www.europarl.europa.eu/meps/en/197475,https://howtheyvote.eu/votes/195775
256805,Li ANDERSSON,Li,ANDERSSON,Finland,FIN,,The Left,The Left in the European Parliament,GUE_NGL,FOR,Said no to action against child sexual abuse,Voted for rejection,2026-07-09,li.andersson@europarl.europa.eu,https://www.europarl.europa.eu/mepphoto/256805.jpg,https://www.europarl.europa.eu/meps/en/256805,https://howtheyvote.eu/votes/195775
197448,Rasmus ANDRESEN,Rasmus,ANDRESEN,Germany,DEU,,Greens/EFA,Greens/European Free Alliance,GREEN_EFA,FOR,Said no to action against child sexual abuse,Voted for rejection,2026-07-09,rasmus.andresen@europarl.europa.eu,https://www.europarl.europa.eu/mepphoto/197448.jpg,https://www.europarl.europa.eu/meps/en/197448,https://howtheyvote.eu/votes/195775
204332,Barry ANDREWS,Barry,ANDREWS,Ireland,IRL,,Renew,Renew Europe,RENEW,AGAINST,Voted to fight sexual abuse online,Voted against rejection,2026-07-09,barry.andrews@europarl.europa.eu,https://www.europarl.europa.eu/mepphoto/204332.jpg,https://www.europarl.europa.eu/meps/en/204332,https://howtheyvote.eu/votes/195775
130881,Mieke ANDRIESE,Mieke,ANDRIESE,Netherlands,NLD,,PfE,Patriots for Europe,PFE,FOR,Said no to action against child sexual abuse,Voted for rejection,2026-07-09,mieke.andriese@europarl.europa.eu,https://www.europarl.europa.eu/mepphoto/130881.jpg,https://www.europarl.europa.eu/meps/en/130881,https://howtheyvote.eu/votes/195775
119652,Vytenis Povilas ANDRIUKAITIS,Vytenis Povilas,ANDRIUKAITIS,Lithuania,LTU,,S&D,Progressive Alliance of Socialists and Democrats,SD,AGAINST,Voted to fight sexual abuse online,Voted against rejection,2026-07-09,vytenis.andriukaitis@europarl.europa.eu,https://www.europarl.europa.eu/mepphoto/119652.jpg,https://www.europarl.europa.eu/meps/en/119652,https://howtheyvote.eu/votes/195775
197691,Mathilde ANDROUËT,Mathilde,ANDROUËT,France,FRA,,PfE,Patriots for Europe,PFE,FOR,Said no to action against child sexual abuse,Voted for rejection,2026-07-09,mathilde.androuet@europarl.europa.eu,https://www.europarl.europa.eu/mepphoto/197691.jpg,https://www.europarl.europa.eu/meps/en/197691,https://howtheyvote.eu/votes/195775
202073,Marc ANGEL,Marc,ANGEL,Luxembourg,LUX,,S&D,Progressive Alliance of Socialists and Democrats,SD,AGAINST,Voted to fight sexual abuse online,Voted against rejection,2026-07-09,marc.angel@europarl.europa.eu,https://www.europarl.europa.eu/mepphoto/202073.jpg,https://www.europarl.europa.eu/meps/en/202073,https://howtheyvote.eu/votes/195775
124973,Gerolf ANNEMANS,Gerolf,ANNEMANS,Belgium,BEL,,PfE,Patriots for Europe,PFE,FOR,Said no to action against child sexual abuse,Voted for rejection,2026-07-09,gerolf.annemans@europarl.europa.eu,https://www.europarl.europa.eu/mepphoto/124973.jpg,https://www.europarl.europa.eu/meps/en/124973,https://howtheyvote.eu/votes/195775
257123,Lucia ANNUNZIATA,Lucia,ANNUNZIATA,Italy,ITA,,S&D,Progressive Alliance of Socialists and Democrats,SD,AGAINST,Voted to fight sexual abuse online,Voted against rejection,2026-07-09,lucia.annunziata@europarl.europa.eu,https://www.europarl.europa.eu/mepphoto/257123.jpg,https://www.europarl.europa.eu/meps/en/257123,https://howtheyvote.eu/votes/195775
257138,Giuseppe ANTOCI,Giuseppe,ANTOCI,Italy,ITA,,The Left,The Left in the European Parliament,GUE_NGL,FOR,Said no to action against child sexual abuse,Voted for rejection,2026-07-09,giuseppe.antoci@europarl.europa.eu,https://www.europarl.europa.eu/mepphoto/257138.jpg,https://www.europarl.europa.eu/meps/en/257138,https://howtheyvote.eu/votes/195775
96808,Pablo ARIAS ECHEVERRÍA,Pablo,ARIAS ECHEVERRÍA,Spain,ESP,,EPP,European People's Party,EPP,AGAINST,Voted to fight sexual abuse online,Voted against rejection,2026-07-09,pablo.ariasecheverria@europarl.europa.eu,https://www.europarl.europa.eu/mepphoto/96808.jpg,https://www.europarl.europa.eu/meps/en/96808,https://howtheyvote.eu/votes/195775
24922,Pascal ARIMONT,Pascal,ARIMONT,Belgium,BEL,,EPP,European People's Party,EPP,AGAINST,Voted to fight sexual abuse online,Voted against rejection,2026-07-09,pascal.arimont@europarl.europa.eu,https://www.europarl.europa.eu/mepphoto/24922.jpg,https://www.europarl.europa.eu/meps/en/24922,https://howtheyvote.eu/votes/195775
256829,Sakis ARNAOUTOGLOU,Sakis,ARNAOUTOGLOU,Greece,GRC,,S&D,Progressive Alliance of Socialists and Democrats,SD,AGAINST,Voted to fight sexual abuse online,Voted against rejection,2026-07-09,sakis.arnaoutoglou@europarl.europa.eu,https://www.europarl.europa.eu/mepphoto/256829.jpg,https://www.europarl.europa.eu/meps/en/256829,https://howtheyvote.eu/votes/195775
256951,Anja ARNDT,Anja,ARNDT,Germany,DEU,,ESN,Europe of Sovereign Nations,ESN,FOR,Said no to action against child sexual abuse,Voted for rejection,2026-07-09,anja.arndt@europarl.europa.eu,https://www.europarl.europa.eu/mepphoto/256951.jpg,https://www.europarl.europa.eu/meps/en/256951,https://howtheyvote.eu/votes/195775
197701,Konstantinos ARVANITIS,Konstantinos,ARVANITIS,Greece,GRC,,The Left,The Left in the European Parliament,GUE_NGL,DID_NOT_VOTE,Did not vote,Did not vote,2026-07-09,konstantinos.arvanitis@europarl.europa.eu,https://www.europarl.europa.eu/mepphoto/197701.jpg,https://www.europarl.europa.eu/meps/en/197701,https://howtheyvote.eu/votes/195775
197492,Bartosz ARŁUKOWICZ,Bartosz,ARŁUKOWICZ,Poland,POL,,EPP,European People's Party,EPP,AGAINST,Voted to fight sexual abuse online,Voted against rejection,2026-07-09,bartosz.arlukowicz@europarl.europa.eu,https://www.europarl.europa.eu/mepphoto/197492.jpg,https://www.europarl.europa.eu/meps/en/197492,https://howtheyvote.eu/votes/195775
257015,Jaume ASENS LLODRÀ,Jaume,ASENS LLODRÀ,Spain,ESP,,Greens/EFA,Greens/European Free Alliance,GREEN_EFA,FOR,Said no to action against child sexual abuse,Voted for rejection,2026-07-09,jaume.asens@europarl.europa.eu,https://www.europarl.europa.eu/mepphoto/257015.jpg,https://www.europarl.europa.eu/meps/en/257015,https://howtheyvote.eu/votes/195775
28307,Francisco ASSIS,Francisco,ASSIS,Portugal,PRT,,S&D,Progressive Alliance of Socialists and Democrats,SD,DID_NOT_VOTE,Did not vote,Did not vote,2026-07-09,francisco.assis@europarl.europa.eu,https://www.europarl.europa.eu/mepphoto/28307.jpg,https://www.europarl.europa.eu/meps/en/28307,https://howtheyvote.eu/votes/195775
256934,Daniel ATTARD,Daniel,ATTARD,Malta,MLT,,S&D,Progressive Alliance of Socialists and Democrats,SD,FOR,Said no to action against child sexual abuse,Voted for rejection,2026-07-09,daniel.attard@europarl.europa.eu,https://www.europarl.europa.eu/mepphoto/256934.jpg,https://www.europarl.europa.eu/meps/en/256934,https://howtheyvote.eu/votes/195775
197533,Manon AUBRY,Manon,AUBRY,France,FRA,,The Left,The Left in the European Parliament,GUE_NGL,FOR,Said no to action against child sexual abuse,Voted for rejection,2026-07-09,manon.aubry@europarl.europa.eu,https://www.europarl.europa.eu/mepphoto/197533.jpg,https://www.europarl.europa.eu/meps/en/197533,https://howtheyvote.eu/votes/195775
256929,René AUST,René,AUST,Germany,DEU,,ESN,Europe of Sovereign Nations,ESN,FOR,Said no to action against child sexual abuse,Voted for rejection,2026-07-09,rene.aust@europarl.europa.eu,https://www.europarl.europa.eu/mepphoto/256929.jpg,https://www.europarl.europa.eu/meps/en/256929,https://howtheyvote.eu/votes/195775
124766,Petras AUŠTREVIČIUS,Petras,AUŠTREVIČIUS,Lithuania,LTU,,Renew,Renew Europe,RENEW,FOR,Said no to action against child sexual abuse,Voted for rejection,2026-07-09,petras.austrevicius@europarl.europa.eu,https://www.europarl.europa.eu/mepphoto/124766.jpg,https://www.europarl.europa.eu/meps/en/124766,https://howtheyvote.eu/votes/195775
257117,Adrian-George AXINIA,Adrian-George,AXINIA,Romania,ROU,,ECR,European Conservatives and Reformists,ECR,AGAINST,Voted to fight sexual abuse online,Voted against rejection,2026-07-09,adrian-george.axinia@europarl.europa.eu,https://www.europarl.europa.eu/mepphoto/257117.jpg,https://www.europarl.europa.eu/meps/en/257117,https://howtheyvote.eu/votes/195775
197781,Malik AZMANI,Malik,AZMANI,Netherlands,NLD,,Renew,Renew Europe,RENEW,FOR,Said no to action against child sexual abuse,Voted for rejection,2026-07-09,malik.azmani@europarl.europa.eu,https://www.europarl.europa.eu/mepphoto/197781.jpg,https://www.europarl.europa.eu/meps/en/197781,https://howtheyvote.eu/votes/195775
256936,Thomas BAJADA,Thomas,BAJADA,Malta,MLT,,S&D,Progressive Alliance of Socialists and Democrats,SD,FOR,Said no to action against child sexual abuse,Voted for rejection,2026-07-09,thomas.bajada@europarl.europa.eu,https://www.europarl.europa.eu/mepphoto/256936.jpg,https://www.europarl.europa.eu/meps/en/256936,https://howtheyvote.eu/votes/195775
257003,Jeannette BALJEU,Jeannette,BALJEU,Netherlands,NLD,,Renew,Renew Europe,RENEW,FOR,Said no to action against child sexual abuse,Voted for rejection,2026-07-09,jeannettenicole.baljeu@europarl.europa.eu,https://www.europarl.europa.eu/mepphoto/257003.jpg,https://www.europarl.europa.eu/meps/en/257003,https://howtheyvote.eu/votes/195775
247735,Laura BALLARÍN CEREZA,Laura,BALLARÍN CEREZA,Spain,ESP,,S&D,Progressive Alliance of Socialists and Democrats,SD,AGAINST,Voted to fight sexual abuse online,Voted against rejection,2026-07-09,laura.ballarincereza@europarl.europa.eu,https://www.europarl.europa.eu/mepphoto/247735.jpg,https://www.europarl.europa.eu/meps/en/247735,https://howtheyvote.eu/votes/195775
131580,Jordan BARDELLA,Jordan,BARDELLA,France,FRA,,PfE,Patriots for Europe,PFE,DID_NOT_VOTE,Did not vote,Did not vote,2026-07-09,jordan.bardella@europarl.europa.eu,https://www.europarl.europa.eu/mepphoto/131580.jpg,https://www.europarl.europa.eu/meps/en/131580,https://howtheyvote.eu/votes/195775
197433,Katarina BARLEY,Katarina,BARLEY,Germany,DEU,,S&D,Progressive Alliance of Socialists and Democrats,SD,DID_NOT_VOTE,Did not vote,Did not vote,2026-07-09,katarina.barley@europarl.europa.eu,https://www.europarl.europa.eu/mepphoto/197433.jpg,https://www.europarl.europa.eu/meps/en/197433,https://howtheyvote.eu/votes/195775
257110,Dan BARNA,Dan,BARNA,Romania,ROU,,Renew,Renew Europe,RENEW,FOR,Said no to action against child sexual abuse,Voted for rejection,2026-07-09,dan.barna@europarl.europa.eu,https://www.europarl.europa.eu/mepphoto/257110.jpg,https://www.europarl.europa.eu/meps/en/257110,https://howtheyvote.eu/votes/195775
197684,Pernando BARRENA ARZA,Pernando,BARRENA ARZA,Spain,ESP,,The Left,The Left in the European Parliament,GUE_NGL,FOR,Said no to action against child sexual abuse,Voted for rejection,2026-07-09,pernando.barrena@europarl.europa.eu,https://www.europarl.europa.eu/mepphoto/197684.jpg,https://www.europarl.europa.eu/meps/en/197684,https://howtheyvote.eu/votes/195775
257000,Stephen Nikola BARTULICA,Stephen Nikola,BARTULICA,Croatia,HRV,,ECR,European Conservatives and Reformists,ECR,FOR,Said no to action against child sexual abuse,Voted for rejection,2026-07-09,stephennikola.bartulica@europarl.europa.eu,https://www.europarl.europa.eu/mepphoto/257000.jpg,https://www.europarl.europa.eu/meps/en/257000,https://howtheyvote.eu/votes/195775
256852,Nikola BARTŮŠEK,Nikola,BARTŮŠEK,Czechia,CZE,,ECR,European Conservatives and Reformists,ECR,DID_NOT_VOTE,Did not vote,Did not vote,2026-07-09,nikola.bartusek@europarl.europa.eu,https://www.europarl.europa.eu/mepphoto/256852.jpg,https://www.europarl.europa.eu/meps/en/256852,https://howtheyvote.eu/votes/195775
256948,Arno BAUSEMER,Arno,BAUSEMER,Germany,DEU,,ESN,Europe of Sovereign Nations,ESN,FOR,Said no to action against child sexual abuse,Voted for rejection,2026-07-09,arno.bausemer@europarl.europa.eu,https://www.europarl.europa.eu/mepphoto/256948.jpg,https://www.europarl.europa.eu/meps/en/256948,https://howtheyvote.eu/votes/195775
261797,Christophe BAY,Christophe,BAY,France,FRA,,PfE,Patriots for Europe,PFE,FOR,Said no to action against child sexual abuse,Voted for rejection,2026-07-09,christophe.bay@europarl.europa.eu,https://www.europarl.europa.eu/mepphoto/261797.jpg,https://www.europarl.europa.eu/meps/en/261797,https://howtheyvote.eu/votes/195775
124760,Nicolas BAY,Nicolas,BAY,France,FRA,,ECR,European Conservatives and Reformists,ECR,FOR,Said no to action against child sexual abuse,Voted for rejection,2026-07-09,nicolas.bay@europarl.europa.eu,https://www.europarl.europa.eu/mepphoto/124760.jpg,https://www.europarl.europa.eu/meps/en/124760,https://howtheyvote.eu/votes/195775
256887,Wouter BEKE,Wouter,BEKE,Belgium,BEL,,EPP,European People's Party,EPP,AGAINST,Voted to fight sexual abuse online,Voted against rejection,2026-07-09,wouter.beke@europarl.europa.eu,https://www.europarl.europa.eu/mepphoto/256887.jpg,https://www.europarl.europa.eu/meps/en/256887,https://howtheyvote.eu/votes/195775
256947,Fredis BELERIS,Fredis,BELERIS,Greece,GRC,,EPP,European People's Party,EPP,AGAINST,Voted to fight sexual abuse online,Voted against rejection,2026-07-09,fredis.beleris@europarl.europa.eu,https://www.europarl.europa.eu/mepphoto/256947.jpg,https://www.europarl.europa.eu/meps/en/256947,https://howtheyvote.eu/votes/195775
197534,François-Xavier BELLAMY,François-Xavier,BELLAMY,France,FRA,,EPP,European People's Party,EPP,AGAINST,Voted to fight sexual abuse online,Voted against rejection,2026-07-09,fxbellamy@europarl.europa.eu,https://www.europarl.europa.eu/mepphoto/197534.jpg,https://www.europarl.europa.eu/meps/en/197534,https://howtheyvote.eu/votes/195775
197658,Dragoş BENEA,Dragoş,BENEA,Romania,ROU,,S&D,Progressive Alliance of Socialists and Democrats,SD,DID_NOT_VOTE,Did not vote,Did not vote,2026-07-09,adrian-dragos.benea@europarl.europa.eu,https://www.europarl.europa.eu/mepphoto/197658.jpg,https://www.europarl.europa.eu/meps/en/197658,https://howtheyvote.eu/votes/195775
124867,Brando BENIFEI,Brando,BENIFEI,Italy,ITA,,S&D,Progressive Alliance of Socialists and Democrats,SD,DID_NOT_VOTE,Did not vote,Did not vote,2026-07-09,brando.benifei@europarl.europa.eu,https://www.europarl.europa.eu/mepphoto/124867.jpg,https://www.europarl.europa.eu/meps/en/124867,https://howtheyvote.eu/votes/195775
197679,Isabel BENJUMEA BENJUMEA,Isabel,BENJUMEA BENJUMEA,Spain,ESP,,EPP,European People's Party,EPP,AGAINST,Voted to fight sexual abuse online,Voted against rejection,2026-07-09,isabel.benjumea@europarl.europa.eu,https://www.europarl.europa.eu/mepphoto/197679.jpg,https://www.europarl.europa.eu/meps/en/197679,https://howtheyvote.eu/votes/195775
197408,Hildegard BENTELE,Hildegard,BENTELE,Germany,DEU,,EPP,European People's Party,EPP,AGAINST,Voted to fight sexual abuse online,Voted against rejection,2026-07-09,hildegard.bentele@europarl.europa.eu,https://www.europarl.europa.eu/mepphoto/197408.jpg,https://www.europarl.europa.eu/meps/en/197408,https://howtheyvote.eu/votes/195775
23868,Monika BEŇOVÁ,Monika,BEŇOVÁ,Slovakia,SVK,,Non-attached,Non-attached Members,NI,DID_NOT_VOTE,Did not vote,Did not vote,2026-07-09,monika.benova@europarl.europa.eu,https://www.europarl.europa.eu/mepphoto/23868.jpg,https://www.europarl.europa.eu/meps/en/23868,https://howtheyvote.eu/votes/195775
256960,Sibylle BERG,Sibylle,BERG,Germany,DEU,,Non-attached,Non-attached Members,NI,FOR,Said no to action against child sexual abuse,Voted for rejection,2026-07-09,sibylle.berg@europarl.europa.eu,https://www.europarl.europa.eu/mepphoto/256960.jpg,https://www.europarl.europa.eu/meps/en/256960,https://howtheyvote.eu/votes/195775
197410,Stefan BERGER,Stefan,BERGER,Germany,DEU,,EPP,European People's Party,EPP,AGAINST,Voted to fight sexual abuse online,Voted against rejection,2026-07-09,stefan.berger@europarl.europa.eu,https://www.europarl.europa.eu/mepphoto/197410.jpg,https://www.europarl.europa.eu/meps/en/197410,https://howtheyvote.eu/votes/195775
4746,Sergio BERLATO,Sergio,BERLATO,Italy,ITA,,ECR,European Conservatives and Reformists,ECR,FOR,Said no to action against child sexual abuse,Voted for rejection,2026-07-09,sergio.berlato@europarl.europa.eu,https://www.europarl.europa.eu/mepphoto/4746.jpg,https://www.europarl.europa.eu/meps/en/4746,https://howtheyvote.eu/votes/195775
197648,Alexander BERNHUBER,Alexander,BERNHUBER,Austria,AUT,,EPP,European People's Party,EPP,AGAINST,Voted to fight sexual abuse online,Voted against rejection,2026-07-09,alexander.bernhuber@europarl.europa.eu,https://www.europarl.europa.eu/mepphoto/197648.jpg,https://www.europarl.europa.eu/meps/en/197648,https://howtheyvote.eu/votes/195775
197498,Robert BIEDROŃ,Robert,BIEDROŃ,Poland,POL,,S&D,Progressive Alliance of Socialists and Democrats,SD,AGAINST,Voted to fight sexual abuse online,Voted against rejection,2026-07-09,robert.biedron@europarl.europa.eu,https://www.europarl.europa.eu/mepphoto/197498.jpg,https://www.europarl.europa.eu/meps/en/197498,https://howtheyvote.eu/votes/195775
23788,Adam BIELAN,Adam,BIELAN,Poland,POL,,ECR,European Conservatives and Reformists,ECR,AGAINST,Voted to fight sexual abuse online,Voted against rejection,2026-07-09,adam.bielan@europarl.europa.eu,https://www.europarl.europa.eu/mepphoto/23788.jpg,https://www.europarl.europa.eu/meps/en/23788,https://howtheyvote.eu/votes/195775
277178,Majbritt BIRKHOLM,Majbritt,BIRKHOLM,Denmark,DNK,,PfE,Patriots for Europe,PFE,FOR,Said no to action against child sexual abuse,Voted for rejection,2026-07-09,majbritt.birkholm@europarl.europa.eu,https://www.europarl.europa.eu/mepphoto/277178.jpg,https://www.europarl.europa.eu/meps/en/277178,https://howtheyvote.eu/votes/195775
197435,Gabriele BISCHOFF,Gabriele,BISCHOFF,Germany,DEU,,S&D,Progressive Alliance of Socialists and Democrats,SD,FOR,Said no to action against child sexual abuse,Voted for rejection,2026-07-09,gabriele.bischoff@europarl.europa.eu,https://www.europarl.europa.eu/mepphoto/197435.jpg,https://www.europarl.europa.eu/meps/en/197435,https://howtheyvote.eu/votes/195775
257005,Ľuboš BLAHA,Ľuboš,BLAHA,Slovakia,SVK,,Non-attached,Non-attached Members,NI,FOR,Said no to action against child sexual abuse,Voted for rejection,2026-07-09,lubos.blaha@europarl.europa.eu,https://www.europarl.europa.eu/mepphoto/257005.jpg,https://www.europarl.europa.eu/meps/en/257005,https://howtheyvote.eu/votes/195775
96681,Vilija BLINKEVIČIŪTĖ,Vilija,BLINKEVIČIŪTĖ,Lithuania,LTU,,S&D,Progressive Alliance of Socialists and Democrats,SD,AGAINST,Voted to fight sexual abuse online,Voted against rejection,2026-07-09,vilija.blinkeviciute@europarl.europa.eu,https://www.europarl.europa.eu/mepphoto/96681.jpg,https://www.europarl.europa.eu/meps/en/96681,https://howtheyvote.eu/votes/195775
256998,Rachel BLOM,Rachel,BLOM,Netherlands,NLD,,PfE,Patriots for Europe,PFE,FOR,Said no to action against child sexual abuse,Voted for rejection,2026-07-09,rachel.blom@europarl.europa.eu,https://www.europarl.europa.eu/mepphoto/256998.jpg,https://www.europarl.europa.eu/meps/en/256998,https://howtheyvote.eu/votes/195775
197449,Michael BLOSS,Michael,BLOSS,Germany,DEU,,Greens/EFA,Greens/European Free Alliance,GREEN_EFA,FOR,Said no to action against child sexual abuse,Voted for rejection,2026-07-09,michael.bloss@europarl.europa.eu,https://www.europarl.europa.eu/mepphoto/197449.jpg,https://www.europarl.europa.eu/meps/en/197449,https://howtheyvote.eu/votes/195775
257073,Tobiasz BOCHEŃSKI,Tobiasz,BOCHEŃSKI,Poland,POL,,ECR,European Conservatives and Reformists,ECR,FOR,Said no to action against child sexual abuse,Voted for rejection,2026-07-09,tobiasz.bochenski@europarl.europa.eu,https://www.europarl.europa.eu/mepphoto/257073.jpg,https://www.europarl.europa.eu/meps/en/257073,https://howtheyvote.eu/votes/195775
197439,Damian BOESELAGER,Damian,BOESELAGER,Germany,DEU,,Greens/EFA,Greens/European Free Alliance,GREEN_EFA,FOR,Said no to action against child sexual abuse,Voted for rejection,2026-07-09,damian.boeselager@europarl.europa.eu,https://www.europarl.europa.eu/mepphoto/197439.jpg,https://www.europarl.europa.eu/meps/en/197439,https://howtheyvote.eu/votes/195775
197636,Ioan-Rareş BOGDAN,Ioan-Rareş,BOGDAN,Romania,ROU,,EPP,European People's Party,EPP,AGAINST,Voted to fight sexual abuse online,Voted against rejection,2026-07-09,ioan-rares.bogdan@europarl.europa.eu,https://www.europarl.europa.eu/mepphoto/197636.jpg,https://www.europarl.europa.eu/meps/en/197636,https://howtheyvote.eu/votes/195775
277777,Csaba BOGDÁN,Csaba,BOGDÁN,Hungary,HUN,,EPP,European People's Party,EPP,AGAINST,Voted to fight sexual abuse online,Voted against rejection,2026-07-09,csaba.bogdan@europarl.europa.eu,https://www.europarl.europa.eu/mepphoto/277777.jpg,https://www.europarl.europa.eu/meps/en/277777,https://howtheyvote.eu/votes/195775
257108,Stefano BONACCINI,Stefano,BONACCINI,Italy,ITA,,S&D,Progressive Alliance of Socialists and Democrats,SD,AGAINST,Voted to fight sexual abuse online,Voted against rejection,2026-07-09,stefano.bonaccini@europarl.europa.eu,https://www.europarl.europa.eu/mepphoto/257108.jpg,https://www.europarl.europa.eu/meps/en/257108,https://howtheyvote.eu/votes/195775
256881,Barbara BONTE,Barbara,BONTE,Belgium,BEL,,PfE,Patriots for Europe,PFE,FOR,Said no to action against child sexual abuse,Voted for rejection,2026-07-09,barbara.bonte@europarl.europa.eu,https://www.europarl.europa.eu/mepphoto/256881.jpg,https://www.europarl.europa.eu/meps/en/256881,https://howtheyvote.eu/votes/195775
101039,Paolo BORCHIA,Paolo,BORCHIA,Italy,ITA,,PfE,Patriots for Europe,PFE,FOR,Said no to action against child sexual abuse,Voted for rejection,2026-07-09,paolo.borchia@europarl.europa.eu,https://www.europarl.europa.eu/mepphoto/101039.jpg,https://www.europarl.europa.eu/meps/en/101039,https://howtheyvote.eu/votes/195775
257024,Mireia BORRÁS PABÓN,Mireia,BORRÁS PABÓN,Spain,ESP,,PfE,Patriots for Europe,PFE,FOR,Said no to action against child sexual abuse,Voted for rejection,2026-07-09,mireia.borras@europarl.europa.eu,https://www.europarl.europa.eu/mepphoto/257024.jpg,https://www.europarl.europa.eu/meps/en/257024,https://howtheyvote.eu/votes/195775
257457,Zsuzsanna BORVENDÉG,Zsuzsanna,BORVENDÉG,Hungary,HUN,,ESN,Europe of Sovereign Nations,ESN,FOR,Said no to action against child sexual abuse,Voted for rejection,2026-07-09,zsuzsanna.borvendeg@europarl.europa.eu,https://www.europarl.europa.eu/mepphoto/257457.jpg,https://www.europarl.europa.eu/meps/en/257457,https://howtheyvote.eu/votes/195775
112748,Biljana BORZAN,Biljana,BORZAN,Croatia,HRV,,S&D,Progressive Alliance of Socialists and Democrats,SD,FOR,Said no to action against child sexual abuse,Voted for rejection,2026-07-09,biljana.borzan@europarl.europa.eu,https://www.europarl.europa.eu/mepphoto/112748.jpg,https://www.europarl.europa.eu/meps/en/112748,https://howtheyvote.eu/votes/195775
256995,Gordan BOSANAC,Gordan,BOSANAC,Croatia,HRV,,Greens/EFA,Greens/European Free Alliance,GREEN_EFA,FOR,Said no to action against child sexual abuse,Voted for rejection,2026-07-09,gordan.bosanac@europarl.europa.eu,https://www.europarl.europa.eu/mepphoto/256995.jpg,https://www.europarl.europa.eu/meps/en/256995,https://howtheyvote.eu/votes/195775
257020,Stine BOSSE,Stine,BOSSE,Denmark,DNK,,Renew,Renew Europe,RENEW,FOR,Said no to action against child sexual abuse,Voted for rejection,2026-07-09,stine.bosse@europarl.europa.eu,https://www.europarl.europa.eu/mepphoto/257020.jpg,https://www.europarl.europa.eu/meps/en/257020,https://howtheyvote.eu/votes/195775
187917,Marc BOTENGA,Marc,BOTENGA,Belgium,BEL,,The Left,The Left in the European Parliament,GUE_NGL,FOR,Said no to action against child sexual abuse,Voted for rejection,2026-07-09,marcjohan.botenga@europarl.europa.eu,https://www.europarl.europa.eu/mepphoto/187917.jpg,https://www.europarl.europa.eu/meps/en/187917,https://howtheyvote.eu/votes/195775
197577,Gilles BOYER,Gilles,BOYER,France,FRA,,Renew,Renew Europe,RENEW,AGAINST,Voted to fight sexual abuse online,Voted against rejection,2026-07-09,gilles.boyer@europarl.europa.eu,https://www.europarl.europa.eu/mepphoto/197577.jpg,https://www.europarl.europa.eu/meps/en/197577,https://howtheyvote.eu/votes/195775
124984,Lynn BOYLAN,Lynn,BOYLAN,Ireland,IRL,,The Left,The Left in the European Parliament,GUE_NGL,AGAINST,Voted to fight sexual abuse online,Voted against rejection,2026-07-09,lynn.boylan@europarl.europa.eu,https://www.europarl.europa.eu/mepphoto/124984.jpg,https://www.europarl.europa.eu/meps/en/124984,https://howtheyvote.eu/votes/195775
256945,Irmhild BOẞDORF,Irmhild,BOẞDORF,Germany,DEU,,ESN,Europe of Sovereign Nations,ESN,FOR,Said no to action against child sexual abuse,Voted for rejection,2026-07-09,irmhild.bossdorf@europarl.europa.eu,https://www.europarl.europa.eu/mepphoto/256945.jpg,https://www.europarl.europa.eu/meps/en/256945,https://howtheyvote.eu/votes/195775
256841,Helmut BRANDSTÄTTER,Helmut,BRANDSTÄTTER,Austria,AUT,,Renew,Renew Europe,RENEW,FOR,Said no to action against child sexual abuse,Voted for rejection,2026-07-09,helmut.brandstaetter@europarl.europa.eu,https://www.europarl.europa.eu/mepphoto/256841.jpg,https://www.europarl.europa.eu/meps/en/256841,https://howtheyvote.eu/votes/195775
256878,Marie-Luce BRASIER-CLAIN,Marie-Luce,BRASIER-CLAIN,France,FRA,,PfE,Patriots for Europe,PFE,FOR,Said no to action against child sexual abuse,Voted for rejection,2026-07-09,marie-luce.brasier-clain@europarl.europa.eu,https://www.europarl.europa.eu/mepphoto/256878.jpg,https://www.europarl.europa.eu/meps/en/256878,https://howtheyvote.eu/votes/195775
257067,Grzegorz BRAUN,Grzegorz,BRAUN,Poland,POL,,Non-attached,Non-attached Members,NI,FOR,Said no to action against child sexual abuse,Voted for rejection,2026-07-09,grzegorz.braun@europarl.europa.eu,https://www.europarl.europa.eu/mepphoto/257067.jpg,https://www.europarl.europa.eu/meps/en/257067,https://howtheyvote.eu/votes/195775
251324,Krzysztof BREJZA,Krzysztof,BREJZA,Poland,POL,,EPP,European People's Party,EPP,AGAINST,Voted to fight sexual abuse online,Voted against rejection,2026-07-09,krzysztof.brejza@europarl.europa.eu,https://www.europarl.europa.eu/mepphoto/251324.jpg,https://www.europarl.europa.eu/meps/en/251324,https://howtheyvote.eu/votes/195775
197470,Saskia BRICMONT,Saskia,BRICMONT,Belgium,BEL,,Greens/EFA,Greens/European Free Alliance,GREEN_EFA,FOR,Said no to action against child sexual abuse,Voted for rejection,2026-07-09,saskia.bricmont@europarl.europa.eu,https://www.europarl.europa.eu/mepphoto/197470.jpg,https://www.europarl.europa.eu/meps/en/197470,https://howtheyvote.eu/votes/195775
204129,Nikolina BRNJAC,Nikolina,BRNJAC,Croatia,HRV,,EPP,European People's Party,EPP,DID_NOT_VOTE,Did not vote,Did not vote,2026-07-09,nikolina.brnjac@europarl.europa.eu,https://www.europarl.europa.eu/mepphoto/204129.jpg,https://www.europarl.europa.eu/meps/en/204129,https://howtheyvote.eu/votes/195775
197501,Joachim Stanisław BRUDZIŃSKI,Joachim Stanisław,BRUDZIŃSKI,Poland,POL,,ECR,European Conservatives and Reformists,ECR,AGAINST,Voted to fight sexual abuse online,Voted against rejection,2026-07-09,joachim.brudzinski@europarl.europa.eu,https://www.europarl.europa.eu/mepphoto/197501.jpg,https://www.europarl.europa.eu/meps/en/197501,https://howtheyvote.eu/votes/195775
257064,Anna BRYŁKA,Anna,BRYŁKA,Poland,POL,,PfE,Patriots for Europe,PFE,FOR,Said no to action against child sexual abuse,Voted for rejection,2026-07-09,anna.brylka@europarl.europa.eu,https://www.europarl.europa.eu/mepphoto/257064.jpg,https://www.europarl.europa.eu/meps/en/257064,https://howtheyvote.eu/votes/195775
128483,Markus BUCHHEIT,Markus,BUCHHEIT,Germany,DEU,,ESN,Europe of Sovereign Nations,ESN,FOR,Said no to action against child sexual abuse,Voted for rejection,2026-07-09,markus.buchheit@europarl.europa.eu,https://www.europarl.europa.eu/mepphoto/128483.jpg,https://www.europarl.europa.eu/meps/en/128483,https://howtheyvote.eu/votes/195775
257072,Tomasz BUCZEK,Tomasz,BUCZEK,Poland,POL,,PfE,Patriots for Europe,PFE,FOR,Said no to action against child sexual abuse,Voted for rejection,2026-07-09,tomasz.buczek@europarl.europa.eu,https://www.europarl.europa.eu/mepphoto/257072.jpg,https://www.europarl.europa.eu/meps/en/257072,https://howtheyvote.eu/votes/195775
125012,Daniel BUDA,Daniel,BUDA,Romania,ROU,,EPP,European People's Party,EPP,AGAINST,Voted to fight sexual abuse online,Voted against rejection,2026-07-09,daniel.buda@europarl.europa.eu,https://www.europarl.europa.eu/mepphoto/125012.jpg,https://www.europarl.europa.eu/meps/en/125012,https://howtheyvote.eu/votes/195775
99878,Waldemar BUDA,Waldemar,BUDA,Poland,POL,,ECR,European Conservatives and Reformists,ECR,FOR,Said no to action against child sexual abuse,Voted for rejection,2026-07-09,waldemar.buda@europarl.europa.eu,https://www.europarl.europa.eu/mepphoto/99878.jpg,https://www.europarl.europa.eu/meps/en/99878,https://howtheyvote.eu/votes/195775
257047,Borys BUDKA,Borys,BUDKA,Poland,POL,,EPP,European People's Party,EPP,AGAINST,Voted to fight sexual abuse online,Voted against rejection,2026-07-09,borys.budka@europarl.europa.eu,https://www.europarl.europa.eu/mepphoto/257047.jpg,https://www.europarl.europa.eu/meps/en/257047,https://howtheyvote.eu/votes/195775
257081,Sebastião BUGALHO,Sebastião,BUGALHO,Portugal,PRT,,EPP,European People's Party,EPP,AGAINST,Voted to fight sexual abuse online,Voted against rejection,2026-07-09,sebastiao.bugalho@europarl.europa.eu,https://www.europarl.europa.eu/mepphoto/257081.jpg,https://www.europarl.europa.eu/meps/en/257081,https://howtheyvote.eu/votes/195775
4267,Udo BULLMANN,Udo,BULLMANN,Germany,DEU,,S&D,Progressive Alliance of Socialists and Democrats,SD,FOR,Said no to action against child sexual abuse,Voted for rejection,2026-07-09,udo.bullmann@europarl.europa.eu,https://www.europarl.europa.eu/mepphoto/4267.jpg,https://www.europarl.europa.eu/meps/en/4267,https://howtheyvote.eu/votes/195775
197440,Delara BURKHARDT,Delara,BURKHARDT,Germany,DEU,,S&D,Progressive Alliance of Socialists and Democrats,SD,ABSTENTION,Abstained,Abstained,2026-07-09,delara.burkhardt@europarl.europa.eu,https://www.europarl.europa.eu/mepphoto/197440.jpg,https://www.europarl.europa.eu/meps/en/197440,https://howtheyvote.eu/votes/195775
197829,Jorge BUXADÉ VILLALBA,Jorge,BUXADÉ VILLALBA,Spain,ESP,,PfE,Patriots for Europe,PFE,DID_NOT_VOTE,Did not vote,Did not vote,2026-07-09,jorge.buxadevillalba@europarl.europa.eu,https://www.europarl.europa.eu/mepphoto/197829.jpg,https://www.europarl.europa.eu/meps/en/197829,https://howtheyvote.eu/votes/195775
257051,Andrzej BUŁA,Andrzej,BUŁA,Poland,POL,,EPP,European People's Party,EPP,DID_NOT_VOTE,Did not vote,Did not vote,2026-07-09,andrzej.bula@europarl.europa.eu,https://www.europarl.europa.eu/mepphoto/257051.jpg,https://www.europarl.europa.eu/meps/en/257051,https://howtheyvote.eu/votes/195775
256928,Petr BYSTRON,Petr,BYSTRON,Germany,DEU,,ESN,Europe of Sovereign Nations,ESN,FOR,Said no to action against child sexual abuse,Voted for rejection,2026-07-09,petr.bystron@europarl.europa.eu,https://www.europarl.europa.eu/mepphoto/256928.jpg,https://www.europarl.europa.eu/meps/en/256928,https://howtheyvote.eu/votes/195775
220840,Jaroslav BŽOCH,Jaroslav,BŽOCH,Czechia,CZE,,PfE,Patriots for Europe,PFE,DID_NOT_VOTE,Did not vote,Did not vote,2026-07-09,jaroslav.bzoch@europarl.europa.eu,https://www.europarl.europa.eu/mepphoto/220840.jpg,https://www.europarl.europa.eu/meps/en/220840,https://howtheyvote.eu/votes/195775
256915,Mélissa CAMARA,Mélissa,CAMARA,France,FRA,,Greens/EFA,Greens/European Free Alliance,GREEN_EFA,FOR,Said no to action against child sexual abuse,Voted for rejection,2026-07-09,melissa.camara@europarl.europa.eu,https://www.europarl.europa.eu/mepphoto/256915.jpg,https://www.europarl.europa.eu/meps/en/256915,https://howtheyvote.eu/votes/195775
96711,Pascal CANFIN,Pascal,CANFIN,France,FRA,,Renew,Renew Europe,RENEW,AGAINST,Voted to fight sexual abuse online,Voted against rejection,2026-07-09,pascal.canfin@europarl.europa.eu,https://www.europarl.europa.eu/mepphoto/96711.jpg,https://www.europarl.europa.eu/meps/en/96711,https://howtheyvote.eu/votes/195775
257296,Nina CARBERRY,Nina,CARBERRY,Ireland,IRL,,EPP,European People's Party,EPP,AGAINST,Voted to fight sexual abuse online,Voted against rejection,2026-07-09,nina.carberry@europarl.europa.eu,https://www.europarl.europa.eu/mepphoto/257296.jpg,https://www.europarl.europa.eu/meps/en/257296,https://howtheyvote.eu/votes/195775
197574,Damien CARÊME,Damien,CARÊME,France,FRA,,The Left,The Left in the European Parliament,GUE_NGL,FOR,Said no to action against child sexual abuse,Voted for rejection,2026-07-09,damien.careme@europarl.europa.eu,https://www.europarl.europa.eu/mepphoto/197574.jpg,https://www.europarl.europa.eu/meps/en/197574,https://howtheyvote.eu/votes/195775
28122,David CASA,David,CASA,Malta,MLT,,EPP,European People's Party,EPP,AGAINST,Voted to fight sexual abuse online,Voted against rejection,2026-07-09,david.casa@europarl.europa.eu,https://www.europarl.europa.eu/mepphoto/28122.jpg,https://www.europarl.europa.eu/meps/en/28122,https://howtheyvote.eu/votes/195775
256891,Benoit CASSART,Benoit,CASSART,Belgium,BEL,,Renew,Renew Europe,RENEW,AGAINST,Voted to fight sexual abuse online,Voted against rejection,2026-07-09,benoit.cassart@europarl.europa.eu,https://www.europarl.europa.eu/mepphoto/256891.jpg,https://www.europarl.europa.eu/meps/en/256891,https://howtheyvote.eu/votes/195775
256921,Laurent CASTILLO,Laurent,CASTILLO,France,FRA,,PfE,Patriots for Europe,PFE,FOR,Said no to action against child sexual abuse,Voted for rejection,2026-07-09,laurent.castillo@europarl.europa.eu,https://www.europarl.europa.eu/mepphoto/256921.jpg,https://www.europarl.europa.eu/meps/en/256921,https://howtheyvote.eu/votes/195775
86793,Anna CAVAZZINI,Anna,CAVAZZINI,Germany,DEU,,Greens/EFA,Greens/European Free Alliance,GREEN_EFA,FOR,Said no to action against child sexual abuse,Voted for rejection,2026-07-09,anna.cavazzini@europarl.europa.eu,https://www.europarl.europa.eu/mepphoto/86793.jpg,https://www.europarl.europa.eu/meps/en/86793,https://howtheyvote.eu/votes/195775
257096,Stefano CAVEDAGNA,Stefano,CAVEDAGNA,Italy,ITA,,ECR,European Conservatives and Reformists,ECR,DID_NOT_VOTE,Did not vote,Did not vote,2026-07-09,stefano.cavedagna@europarl.europa.eu,https://www.europarl.europa.eu/mepphoto/257096.jpg,https://www.europarl.europa.eu/meps/en/257096,https://howtheyvote.eu/votes/195775
257100,Gheorghe CÂRCIU,Gheorghe,CÂRCIU,Romania,ROU,,S&D,Progressive Alliance of Socialists and Democrats,SD,DID_NOT_VOTE,Did not vote,Did not vote,2026-07-09,gheorghe-florin.carciu@europarl.europa.eu,https://www.europarl.europa.eu/mepphoto/257100.jpg,https://www.europarl.europa.eu/meps/en/257100,https://howtheyvote.eu/votes/195775
197786,Susanna CECCARDI,Susanna,CECCARDI,Italy,ITA,,PfE,Patriots for Europe,PFE,FOR,Said no to action against child sexual abuse,Voted for rejection,2026-07-09,susanna.ceccardi@europarl.europa.eu,https://www.europarl.europa.eu/mepphoto/197786.jpg,https://www.europarl.europa.eu/meps/en/197786,https://howtheyvote.eu/votes/195775
257002,José CEPEDA,José,CEPEDA,Spain,ESP,,S&D,Progressive Alliance of Socialists and Democrats,SD,DID_NOT_VOTE,Did not vote,Did not vote,2026-07-09,jose.cepeda@europarl.europa.eu,https://www.europarl.europa.eu/mepphoto/257002.jpg,https://www.europarl.europa.eu/meps/en/257002,https://howtheyvote.eu/votes/195775
256880,Estelle CEULEMANS,Estelle,CEULEMANS,Belgium,BEL,,S&D,Progressive Alliance of Socialists and Democrats,SD,ABSTENTION,Abstained,Abstained,2026-07-09,estelle.ceulemans@europarl.europa.eu,https://www.europarl.europa.eu/mepphoto/256880.jpg,https://www.europarl.europa.eu/meps/en/256880,https://howtheyvote.eu/votes/195775
197782,Mohammed CHAHIM,Mohammed,CHAHIM,Netherlands,NLD,,S&D,Progressive Alliance of Socialists and Democrats,SD,DID_NOT_VOTE,Did not vote,Did not vote,2026-07-09,mohammed.chahim@europarl.europa.eu,https://www.europarl.europa.eu/mepphoto/197782.jpg,https://www.europarl.europa.eu/meps/en/197782,https://howtheyvote.eu/votes/195775
197529,Leila CHAIBI,Leila,CHAIBI,France,FRA,,The Left,The Left in the European Parliament,GUE_NGL,FOR,Said no to action against child sexual abuse,Voted for rejection,2026-07-09,leila.chaibi@europarl.europa.eu,https://www.europarl.europa.eu/mepphoto/197529.jpg,https://www.europarl.europa.eu/meps/en/197529,https://howtheyvote.eu/votes/195775
197463,Olivier CHASTEL,Olivier,CHASTEL,Belgium,BEL,,Renew,Renew Europe,RENEW,DID_NOT_VOTE,Did not vote,Did not vote,2026-07-09,olivier.chastel@europarl.europa.eu,https://www.europarl.europa.eu/mepphoto/197463.jpg,https://www.europarl.europa.eu/meps/en/197463,https://howtheyvote.eu/votes/195775
124861,Caterina CHINNICI,Caterina,CHINNICI,Italy,ITA,,EPP,European People's Party,EPP,AGAINST,Voted to fight sexual abuse online,Voted against rejection,2026-07-09,caterina.chinnici@europarl.europa.eu,https://www.europarl.europa.eu/mepphoto/124861.jpg,https://www.europarl.europa.eu/meps/en/124861,https://howtheyvote.eu/votes/195775
197558,Asger CHRISTENSEN,Asger,CHRISTENSEN,Denmark,DNK,,Renew,Renew Europe,RENEW,FOR,Said no to action against child sexual abuse,Voted for rejection,2026-07-09,asger.christensen@europarl.europa.eu,https://www.europarl.europa.eu/mepphoto/197558.jpg,https://www.europarl.europa.eu/meps/en/197558,https://howtheyvote.eu/votes/195775
257093,Carlo CICCIOLI,Carlo,CICCIOLI,Italy,ITA,,ECR,European Conservatives and Reformists,ECR,FOR,Said no to action against child sexual abuse,Voted for rejection,2026-07-09,carlo.ciccioli@europarl.europa.eu,https://www.europarl.europa.eu/mepphoto/257093.jpg,https://www.europarl.europa.eu/meps/en/257093,https://howtheyvote.eu/votes/195775
257014,Veronika CIFROVÁ OSTRIHOŇOVÁ,Veronika,CIFROVÁ OSTRIHOŇOVÁ,Slovakia,SVK,,Renew,Renew Europe,RENEW,DID_NOT_VOTE,Did not vote,Did not vote,2026-07-09,veronika.ostrihonova@europarl.europa.eu,https://www.europarl.europa.eu/mepphoto/257014.jpg,https://www.europarl.europa.eu/meps/en/257014,https://howtheyvote.eu/votes/195775
257147,Alessandro CIRIANI,Alessandro,CIRIANI,Italy,ITA,,ECR,European Conservatives and Reformists,ECR,FOR,Said no to action against child sexual abuse,Voted for rejection,2026-07-09,alessandro.ciriani@europarl.europa.eu,https://www.europarl.europa.eu/mepphoto/257147.jpg,https://www.europarl.europa.eu/meps/en/257147,https://howtheyvote.eu/votes/195775
257131,Anna Maria CISINT,Anna Maria,CISINT,Italy,ITA,,PfE,Patriots for Europe,PFE,FOR,Said no to action against child sexual abuse,Voted for rejection,2026-07-09,anna.cisint@europarl.europa.eu,https://www.europarl.europa.eu/mepphoto/257131.jpg,https://www.europarl.europa.eu/meps/en/257131,https://howtheyvote.eu/votes/195775
257023,Per CLAUSEN,Per,CLAUSEN,Denmark,DNK,,The Left,The Left in the European Parliament,GUE_NGL,FOR,Said no to action against child sexual abuse,Voted for rejection,2026-07-09,per.clausen@europarl.europa.eu,https://www.europarl.europa.eu/mepphoto/257023.jpg,https://www.europarl.europa.eu/meps/en/257023,https://howtheyvote.eu/votes/195775
245018,Christophe CLERGEAU,Christophe,CLERGEAU,France,FRA,,S&D,Progressive Alliance of Socialists and Democrats,SD,ABSTENTION,Abstained,Abstained,2026-07-09,christophe.clergeau@europarl.europa.eu,https://www.europarl.europa.eu/mepphoto/245018.jpg,https://www.europarl.europa.eu/meps/en/245018,https://howtheyvote.eu/votes/195775
197503,David CORMAND,David,CORMAND,France,FRA,,Greens/EFA,Greens/European Free Alliance,GREEN_EFA,FOR,Said no to action against child sexual abuse,Voted for rejection,2026-07-09,david.cormand@europarl.europa.eu,https://www.europarl.europa.eu/mepphoto/197503.jpg,https://www.europarl.europa.eu/meps/en/197503,https://howtheyvote.eu/votes/195775
257169,Annalisa CORRADO,Annalisa,CORRADO,Italy,ITA,,S&D,Progressive Alliance of Socialists and Democrats,SD,FOR,Said no to action against child sexual abuse,Voted for rejection,2026-07-09,annalisa.corrado@europarl.europa.eu,https://www.europarl.europa.eu/mepphoto/257169.jpg,https://www.europarl.europa.eu/meps/en/257169,https://howtheyvote.eu/votes/195775
256937,Vivien COSTANZO,Vivien,COSTANZO,Germany,DEU,,S&D,Progressive Alliance of Socialists and Democrats,SD,FOR,Said no to action against child sexual abuse,Voted for rejection,2026-07-09,vivien.costanzo@europarl.europa.eu,https://www.europarl.europa.eu/mepphoto/256937.jpg,https://www.europarl.europa.eu/meps/en/256937,https://howtheyvote.eu/votes/195775
257057,João COTRIM DE FIGUEIREDO,João,COTRIM DE FIGUEIREDO,Portugal,PRT,,Renew,Renew Europe,RENEW,FOR,Said no to action against child sexual abuse,Voted for rejection,2026-07-09,joao.cotrim@europarl.europa.eu,https://www.europarl.europa.eu/mepphoto/257057.jpg,https://www.europarl.europa.eu/meps/en/257057,https://howtheyvote.eu/votes/195775
257297,Barry COWEN,Barry,COWEN,Ireland,IRL,,Renew,Renew Europe,RENEW,AGAINST,Voted to fight sexual abuse online,Voted against rejection,2026-07-09,barry.cowen@europarl.europa.eu,https://www.europarl.europa.eu/mepphoto/257297.jpg,https://www.europarl.europa.eu/meps/en/257297,https://howtheyvote.eu/votes/195775
256938,Tobias CREMER,Tobias,CREMER,Germany,DEU,,S&D,Progressive Alliance of Socialists and Democrats,SD,AGAINST,Voted to fight sexual abuse online,Voted against rejection,2026-07-09,tobias.cremer@europarl.europa.eu,https://www.europarl.europa.eu/mepphoto/256938.jpg,https://www.europarl.europa.eu/meps/en/256938,https://howtheyvote.eu/votes/195775
257034,Carmen CRESPO DÍAZ,Carmen,CRESPO DÍAZ,Spain,ESP,,EPP,European People's Party,EPP,AGAINST,Voted to fight sexual abuse online,Voted against rejection,2026-07-09,mariacarmen.crespodiaz@europarl.europa.eu,https://www.europarl.europa.eu/mepphoto/257034.jpg,https://www.europarl.europa.eu/meps/en/257034,https://howtheyvote.eu/votes/195775
40224,Andi CRISTEA,Andi,CRISTEA,Romania,ROU,,S&D,Progressive Alliance of Socialists and Democrats,SD,AGAINST,Voted to fight sexual abuse online,Voted against rejection,2026-07-09,andi.cristea@europarl.europa.eu,https://www.europarl.europa.eu/mepphoto/40224.jpg,https://www.europarl.europa.eu/meps/en/40224,https://howtheyvote.eu/votes/195775
257094,Giovanni CROSETTO,Giovanni,CROSETTO,Italy,ITA,,ECR,European Conservatives and Reformists,ECR,FOR,Said no to action against child sexual abuse,Voted for rejection,2026-07-09,giovanni.crosetto@europarl.europa.eu,https://www.europarl.europa.eu/mepphoto/257094.jpg,https://www.europarl.europa.eu/meps/en/257094,https://howtheyvote.eu/votes/195775
257078,Paulo CUNHA,Paulo,CUNHA,Portugal,PRT,,EPP,European People's Party,EPP,AGAINST,Voted to fight sexual abuse online,Voted against rejection,2026-07-09,pauloalexandre.matoscunha@europarl.europa.eu,https://www.europarl.europa.eu/mepphoto/257078.jpg,https://www.europarl.europa.eu/meps/en/257078,https://howtheyvote.eu/votes/195775
256814,Zala ČERNILEC TOMAŠIČ,Zala,ČERNILEC TOMAŠIČ,Slovenia,SVN,,EPP,European People's Party,EPP,AGAINST,Voted to fight sexual abuse online,Voted against rejection,2026-07-09,zala.tomasic@europarl.europa.eu,https://www.europarl.europa.eu/mepphoto/256814.jpg,https://www.europarl.europa.eu/meps/en/256814,https://howtheyvote.eu/votes/195775
257028,Henrik DAHL,Henrik,DAHL,Denmark,DNK,,EPP,European People's Party,EPP,FOR,Said no to action against child sexual abuse,Voted for rejection,2026-07-09,henrik.dahl@europarl.europa.eu,https://www.europarl.europa.eu/mepphoto/257028.jpg,https://www.europarl.europa.eu/meps/en/257028,https://howtheyvote.eu/votes/195775
38542,Johan DANIELSSON,Johan,DANIELSSON,Sweden,SWE,,S&D,Progressive Alliance of Socialists and Democrats,SD,AGAINST,Voted to fight sexual abuse online,Voted against rejection,2026-07-09,johan.danielsson@europarl.europa.eu,https://www.europarl.europa.eu/mepphoto/38542.jpg,https://www.europarl.europa.eu/meps/en/38542,https://howtheyvote.eu/votes/195775
236050,Marie DAUCHY,Marie,DAUCHY,France,FRA,,PfE,Patriots for Europe,PFE,DID_NOT_VOTE,Did not vote,Did not vote,2026-07-09,marie.dauchy@europarl.europa.eu,https://www.europarl.europa.eu/mepphoto/236050.jpg,https://www.europarl.europa.eu/meps/en/236050,https://howtheyvote.eu/votes/195775
197556,Ivan DAVID,Ivan,DAVID,Czechia,CZE,,ESN,Europe of Sovereign Nations,ESN,FOR,Said no to action against child sexual abuse,Voted for rejection,2026-07-09,ivan.david@europarl.europa.eu,https://www.europarl.europa.eu/mepphoto/197556.jpg,https://www.europarl.europa.eu/meps/en/197556,https://howtheyvote.eu/votes/195775
256862,Dóra DÁVID,Dóra,DÁVID,Hungary,HUN,,EPP,European People's Party,EPP,AGAINST,Voted to fight sexual abuse online,Voted against rejection,2026-07-09,dora.david@europarl.europa.eu,https://www.europarl.europa.eu/mepphoto/256862.jpg,https://www.europarl.europa.eu/meps/en/256862,https://howtheyvote.eu/votes/195775
257030,Raúl DE LA HOZ QUINTANO,Raúl,DE LA HOZ QUINTANO,Spain,ESP,,EPP,European People's Party,EPP,AGAINST,Voted to fight sexual abuse online,Voted against rejection,2026-07-09,raul.delahoz@europarl.europa.eu,https://www.europarl.europa.eu/mepphoto/257030.jpg,https://www.europarl.europa.eu/meps/en/257030,https://howtheyvote.eu/votes/195775
204414,Margarita DE LA PISA CARRIÓN,Margarita,DE LA PISA CARRIÓN,Spain,ESP,,PfE,Patriots for Europe,PFE,FOR,Said no to action against child sexual abuse,Voted for rejection,2026-07-09,margarita.delapisa@europarl.europa.eu,https://www.europarl.europa.eu/mepphoto/204414.jpg,https://www.europarl.europa.eu/meps/en/204414,https://howtheyvote.eu/votes/195775
124858,Fabio DE MASI,Fabio,DE MASI,Germany,DEU,,Non-attached,Non-attached Members,NI,FOR,Said no to action against child sexual abuse,Voted for rejection,2026-07-09,fabio.demasi@europarl.europa.eu,https://www.europarl.europa.eu/mepphoto/124858.jpg,https://www.europarl.europa.eu/meps/en/124858,https://howtheyvote.eu/votes/195775
204333,Salvatore DE MEO,Salvatore,DE MEO,Italy,ITA,,EPP,European People's Party,EPP,AGAINST,Voted to fight sexual abuse online,Voted against rejection,2026-07-09,salvatore.demeo@europarl.europa.eu,https://www.europarl.europa.eu/mepphoto/204333.jpg,https://www.europarl.europa.eu/meps/en/204333,https://howtheyvote.eu/votes/195775
197504,Jérémy DECERLE,Jérémy,DECERLE,France,FRA,,Renew,Renew Europe,RENEW,AGAINST,Voted to fight sexual abuse online,Voted against rejection,2026-07-09,jeremy.decerle@europarl.europa.eu,https://www.europarl.europa.eu/mepphoto/197504.jpg,https://www.europarl.europa.eu/meps/en/197504,https://howtheyvote.eu/votes/195775
28390,Pilar DEL CASTILLO VERA,Pilar,DEL CASTILLO VERA,Spain,ESP,,EPP,European People's Party,EPP,DID_NOT_VOTE,Did not vote,Did not vote,2026-07-09,pilar.delcastillo@europarl.europa.eu,https://www.europarl.europa.eu/mepphoto/28390.jpg,https://www.europarl.europa.eu/meps/en/28390,https://howtheyvote.eu/votes/195775
257155,Danilo DELLA VALLE,Danilo,DELLA VALLE,Italy,ITA,,The Left,The Left in the European Parliament,GUE_NGL,FOR,Said no to action against child sexual abuse,Voted for rejection,2026-07-09,danilo.dellavalle@europarl.europa.eu,https://www.europarl.europa.eu/mepphoto/257155.jpg,https://www.europarl.europa.eu/meps/en/257155,https://howtheyvote.eu/votes/195775
256886,Valérie DELOGE,Valérie,DELOGE,France,FRA,,PfE,Patriots for Europe,PFE,FOR,Said no to action against child sexual abuse,Voted for rejection,2026-07-09,valerie.deloge@europarl.europa.eu,https://www.europarl.europa.eu/mepphoto/256886.jpg,https://www.europarl.europa.eu/meps/en/256886,https://howtheyvote.eu/votes/195775
197468,Özlem DEMIREL,Özlem,DEMIREL,Germany,DEU,,The Left,The Left in the European Parliament,GUE_NGL,FOR,Said no to action against child sexual abuse,Voted for rejection,2026-07-09,oezlem.demirel@europarl.europa.eu,https://www.europarl.europa.eu/mepphoto/197468.jpg,https://www.europarl.europa.eu/meps/en/197468,https://howtheyvote.eu/votes/195775
96826,Tamás DEUTSCH,Tamás,DEUTSCH,Hungary,HUN,,PfE,Patriots for Europe,PFE,DID_NOT_VOTE,Did not vote,Did not vote,2026-07-09,tamas.deutsch@europarl.europa.eu,https://www.europarl.europa.eu/mepphoto/96826.jpg,https://www.europarl.europa.eu/meps/en/96826,https://howtheyvote.eu/votes/195775
256870,Valérie DEVAUX,Valérie,DEVAUX,France,FRA,,Renew,Renew Europe,RENEW,AGAINST,Voted to fight sexual abuse online,Voted against rejection,2026-07-09,valerie.devaux@europarl.europa.eu,https://www.europarl.europa.eu/mepphoto/256870.jpg,https://www.europarl.europa.eu/meps/en/256870,https://howtheyvote.eu/votes/195775
1294,Elio DI RUPO,Elio,DI RUPO,Belgium,BEL,,S&D,Progressive Alliance of Socialists and Democrats,SD,DID_NOT_VOTE,Did not vote,Did not vote,2026-07-09,elio.dirupo@europarl.europa.eu,https://www.europarl.europa.eu/mepphoto/1294.jpg,https://www.europarl.europa.eu/meps/en/1294,https://howtheyvote.eu/votes/195775
257087,Adnan DIBRANI,Adnan,DIBRANI,Sweden,SWE,,S&D,Progressive Alliance of Socialists and Democrats,SD,AGAINST,Voted to fight sexual abuse online,Voted against rejection,2026-07-09,adnan.dibrani@europarl.europa.eu,https://www.europarl.europa.eu/mepphoto/257087.jpg,https://www.europarl.europa.eu/meps/en/257087,https://howtheyvote.eu/votes/195775
256981,Ton DIEPEVEEN,Ton,DIEPEVEEN,Netherlands,NLD,,PfE,Patriots for Europe,PFE,DID_NOT_VOTE,Did not vote,Did not vote,2026-07-09,ton.diepeveen@europarl.europa.eu,https://www.europarl.europa.eu/mepphoto/256981.jpg,https://www.europarl.europa.eu/meps/en/256981,https://howtheyvote.eu/votes/195775
256834,Elisabeth DIERINGER,Elisabeth,DIERINGER,Austria,AUT,,PfE,Patriots for Europe,PFE,FOR,Said no to action against child sexual abuse,Voted for rejection,2026-07-09,elisabeth.dieringer@europarl.europa.eu,https://www.europarl.europa.eu/mepphoto/256834.jpg,https://www.europarl.europa.eu/meps/en/256834,https://howtheyvote.eu/votes/195775
256874,Mélanie DISDIER,Mélanie,DISDIER,France,FRA,,PfE,Patriots for Europe,PFE,FOR,Said no to action against child sexual abuse,Voted for rejection,2026-07-09,melanie.disdier@europarl.europa.eu,https://www.europarl.europa.eu/mepphoto/256874.jpg,https://www.europarl.europa.eu/meps/en/256874,https://howtheyvote.eu/votes/195775
33998,Vasile DÎNCU,Vasile,DÎNCU,Romania,ROU,,S&D,Progressive Alliance of Socialists and Democrats,SD,FOR,Said no to action against child sexual abuse,Voted for rejection,2026-07-09,vasile.dincu@europarl.europa.eu,https://www.europarl.europa.eu/mepphoto/33998.jpg,https://www.europarl.europa.eu/meps/en/33998,https://howtheyvote.eu/votes/195775
257048,Paulo DO NASCIMENTO CABRAL,Paulo,DO NASCIMENTO CABRAL,Portugal,PRT,,EPP,European People's Party,EPP,AGAINST,Voted to fight sexual abuse online,Voted against rejection,2026-07-09,paulo.nascimentocabral@europarl.europa.eu,https://www.europarl.europa.eu/mepphoto/257048.jpg,https://www.europarl.europa.eu/meps/en/257048,https://howtheyvote.eu/votes/195775
197579,Klára DOBREV,Klára,DOBREV,Hungary,HUN,,S&D,Progressive Alliance of Socialists and Democrats,SD,ABSTENTION,Abstained,Abstained,2026-07-09,klara.dobrev@europarl.europa.eu,https://www.europarl.europa.eu/mepphoto/197579.jpg,https://www.europarl.europa.eu/meps/en/197579,https://howtheyvote.eu/votes/195775
257237,Regina DOHERTY,Regina,DOHERTY,Ireland,IRL,,EPP,European People's Party,EPP,AGAINST,Voted to fight sexual abuse online,Voted against rejection,2026-07-09,regina.doherty@europarl.europa.eu,https://www.europarl.europa.eu/mepphoto/257237.jpg,https://www.europarl.europa.eu/meps/en/257237,https://howtheyvote.eu/votes/195775
197473,Christian DOLESCHAL,Christian,DOLESCHAL,Germany,DEU,,EPP,European People's Party,EPP,AGAINST,Voted to fight sexual abuse online,Voted against rejection,2026-07-09,christian.doleschal@europarl.europa.eu,https://www.europarl.europa.eu/mepphoto/197473.jpg,https://www.europarl.europa.eu/meps/en/197473,https://howtheyvote.eu/votes/195775
257095,Elena DONAZZAN,Elena,DONAZZAN,Italy,ITA,,ECR,European Conservatives and Reformists,ECR,FOR,Said no to action against child sexual abuse,Voted for rejection,2026-07-09,elena.donazzan@europarl.europa.eu,https://www.europarl.europa.eu/mepphoto/257095.jpg,https://www.europarl.europa.eu/meps/en/257095,https://howtheyvote.eu/votes/195775
96787,Herbert DORFMANN,Herbert,DORFMANN,Italy,ITA,,EPP,European People's Party,EPP,AGAINST,Voted to fight sexual abuse online,Voted against rejection,2026-07-09,herbert.dorfmann@europarl.europa.eu,https://www.europarl.europa.eu/mepphoto/96787.jpg,https://www.europarl.europa.eu/meps/en/96787,https://howtheyvote.eu/votes/195775
256853,Klara DOSTALOVA,Klara,DOSTALOVA,Czechia,CZE,,PfE,Patriots for Europe,PFE,FOR,Said no to action against child sexual abuse,Voted for rejection,2026-07-09,klara.dostalova@europarl.europa.eu,https://www.europarl.europa.eu/mepphoto/256853.jpg,https://www.europarl.europa.eu/meps/en/256853,https://howtheyvote.eu/votes/195775
256851,Ondřej DOSTÁL,Ondřej,DOSTÁL,Czechia,CZE,,Non-attached,Non-attached Members,NI,FOR,Said no to action against child sexual abuse,Voted for rejection,2026-07-09,ondrej.dostal@europarl.europa.eu,https://www.europarl.europa.eu/mepphoto/256851.jpg,https://www.europarl.europa.eu/meps/en/256851,https://howtheyvote.eu/votes/195775
260724,Csaba DÖMÖTÖR,Csaba,DÖMÖTÖR,Hungary,HUN,,PfE,Patriots for Europe,PFE,AGAINST,Voted to fight sexual abuse online,Voted against rejection,2026-07-09,csaba.domotor@europarl.europa.eu,https://www.europarl.europa.eu/mepphoto/260724.jpg,https://www.europarl.europa.eu/meps/en/260724,https://howtheyvote.eu/votes/195775
256949,Siegbert Frank DROESE,Siegbert Frank,DROESE,Germany,DEU,,ESN,Europe of Sovereign Nations,ESN,FOR,Said no to action against child sexual abuse,Voted for rejection,2026-07-09,siegbert.droese@europarl.europa.eu,https://www.europarl.europa.eu/mepphoto/256949.jpg,https://www.europarl.europa.eu/meps/en/256949,https://howtheyvote.eu/votes/195775
99945,Lena DÜPONT,Lena,DÜPONT,Germany,DEU,,EPP,European People's Party,EPP,AGAINST,Voted to fight sexual abuse online,Voted against rejection,2026-07-09,lena.duepont@europarl.europa.eu,https://www.europarl.europa.eu/mepphoto/99945.jpg,https://www.europarl.europa.eu/meps/en/99945,https://howtheyvote.eu/votes/195775
257076,Michał DWORCZYK,Michał,DWORCZYK,Poland,POL,,ECR,European Conservatives and Reformists,ECR,DID_NOT_VOTE,Did not vote,Did not vote,2026-07-09,michal.dworczyk@europarl.europa.eu,https://www.europarl.europa.eu/mepphoto/257076.jpg,https://www.europarl.europa.eu/meps/en/257076,https://howtheyvote.eu/votes/195775
237465,Matthias ECKE,Matthias,ECKE,Germany,DEU,,S&D,Progressive Alliance of Socialists and Democrats,SD,AGAINST,Voted to fight sexual abuse online,Voted against rejection,2026-07-09,matthias.ecke@europarl.europa.eu,https://www.europarl.europa.eu/mepphoto/237465.jpg,https://www.europarl.europa.eu/meps/en/237465,https://howtheyvote.eu/votes/195775
28226,Christian EHLER,Christian,EHLER,Germany,DEU,,EPP,European People's Party,EPP,AGAINST,Voted to fight sexual abuse online,Voted against rejection,2026-07-09,christian.ehler@europarl.europa.eu,https://www.europarl.europa.eu/mepphoto/28226.jpg,https://www.europarl.europa.eu/meps/en/28226,https://howtheyvote.eu/votes/195775
192254,Marieke EHLERS,Marieke,EHLERS,Netherlands,NLD,,PfE,Patriots for Europe,PFE,FOR,Said no to action against child sexual abuse,Voted for rejection,2026-07-09,marieke.ehlers@europarl.europa.eu,https://www.europarl.europa.eu/mepphoto/192254.jpg,https://www.europarl.europa.eu/meps/en/192254,https://howtheyvote.eu/votes/195775
257088,Sofie ERIKSSON,Sofie,ERIKSSON,Sweden,SWE,,S&D,Progressive Alliance of Socialists and Democrats,SD,AGAINST,Voted to fight sexual abuse online,Voted against rejection,2026-07-09,sofie.eriksson@europarl.europa.eu,https://www.europarl.europa.eu/mepphoto/257088.jpg,https://www.europarl.europa.eu/meps/en/257088,https://howtheyvote.eu/votes/195775
257091,Dick ERIXON,Dick,ERIXON,Sweden,SWE,,ECR,European Conservatives and Reformists,ECR,FOR,Said no to action against child sexual abuse,Voted for rejection,2026-07-09,dick.erixon@europarl.europa.eu,https://www.europarl.europa.eu/mepphoto/257091.jpg,https://www.europarl.europa.eu/meps/en/257091,https://howtheyvote.eu/votes/195775
197430,Engin EROGLU,Engin,EROGLU,Germany,DEU,,Renew,Renew Europe,RENEW,FOR,Said no to action against child sexual abuse,Voted for rejection,2026-07-09,engin.eroglu@europarl.europa.eu,https://www.europarl.europa.eu/mepphoto/197430.jpg,https://www.europarl.europa.eu/meps/en/197430,https://howtheyvote.eu/votes/195775
96811,Rosa ESTARÀS FERRAGUT,Rosa,ESTARÀS FERRAGUT,Spain,ESP,,EPP,European People's Party,EPP,DID_NOT_VOTE,Did not vote,Did not vote,2026-07-09,rosa.estaras@europarl.europa.eu,https://www.europarl.europa.eu/mepphoto/96811.jpg,https://www.europarl.europa.eu/meps/en/96811,https://howtheyvote.eu/votes/195775
256961,Sebastian EVERDING,Sebastian,EVERDING,Germany,DEU,,The Left,The Left in the European Parliament,GUE_NGL,FOR,Said no to action against child sexual abuse,Voted for rejection,2026-07-09,sebastian.everding@europarl.europa.eu,https://www.europarl.europa.eu/mepphoto/256961.jpg,https://www.europarl.europa.eu/meps/en/256961,https://howtheyvote.eu/votes/195775
257035,Alma EZCURRA ALMANSA,Alma,EZCURRA ALMANSA,Spain,ESP,,EPP,European People's Party,EPP,AGAINST,Voted to fight sexual abuse online,Voted against rejection,2026-07-09,alma.ezcurra@europarl.europa.eu,https://www.europarl.europa.eu/mepphoto/257035.jpg,https://www.europarl.europa.eu/meps/en/257035,https://howtheyvote.eu/votes/195775
197649,Gheorghe FALCĂ,Gheorghe,FALCĂ,Romania,ROU,,EPP,European People's Party,EPP,AGAINST,Voted to fight sexual abuse online,Voted against rejection,2026-07-09,gheorghe.falca@europarl.europa.eu,https://www.europarl.europa.eu/mepphoto/197649.jpg,https://www.europarl.europa.eu/meps/en/197649,https://howtheyvote.eu/votes/195775
257137,Marco FALCONE,Marco,FALCONE,Italy,ITA,,EPP,European People's Party,EPP,DID_NOT_VOTE,Did not vote,Did not vote,2026-07-09,marco.falcone@europarl.europa.eu,https://www.europarl.europa.eu/mepphoto/257137.jpg,https://www.europarl.europa.eu/meps/en/257137,https://howtheyvote.eu/votes/195775
256823,Nikolas FARANTOURIS,Nikolas,FARANTOURIS,Greece,GRC,,S&D,Progressive Alliance of Socialists and Democrats,SD,DID_NOT_VOTE,Did not vote,Did not vote,2026-07-09,nikolaos.farantouris@europarl.europa.eu,https://www.europarl.europa.eu/mepphoto/256823.jpg,https://www.europarl.europa.eu/meps/en/256823,https://howtheyvote.eu/votes/195775
197589,Laurence FARRENG,Laurence,FARRENG,France,FRA,,Renew,Renew Europe,RENEW,AGAINST,Voted to fight sexual abuse online,Voted against rejection,2026-07-09,laurence.farreng@europarl.europa.eu,https://www.europarl.europa.eu/mepphoto/197589.jpg,https://www.europarl.europa.eu/meps/en/197589,https://howtheyvote.eu/votes/195775
256840,Jan FARSKÝ,Jan,FARSKÝ,Czechia,CZE,,EPP,European People's Party,EPP,AGAINST,Voted to fight sexual abuse online,Voted against rejection,2026-07-09,jan.farsky@europarl.europa.eu,https://www.europarl.europa.eu/mepphoto/256840.jpg,https://www.europarl.europa.eu/meps/en/256840,https://howtheyvote.eu/votes/195775
1917,Markus FERBER,Markus,FERBER,Germany,DEU,,EPP,European People's Party,EPP,AGAINST,Voted to fight sexual abuse online,Voted against rejection,2026-07-09,markus.ferber@europarl.europa.eu,https://www.europarl.europa.eu/mepphoto/1917.jpg,https://www.europarl.europa.eu/meps/en/1917,https://howtheyvote.eu/votes/195775
256857,Viktória FERENC,Viktória,FERENC,Hungary,HUN,,PfE,Patriots for Europe,PFE,DID_NOT_VOTE,Did not vote,Did not vote,2026-07-09,viktoria.ferenc@europarl.europa.eu,https://www.europarl.europa.eu/mepphoto/256857.jpg,https://www.europarl.europa.eu/meps/en/256857,https://howtheyvote.eu/votes/195775
125046,Jonás FERNÁNDEZ,Jonás,FERNÁNDEZ,Spain,ESP,,S&D,Progressive Alliance of Socialists and Democrats,SD,AGAINST,Voted to fight sexual abuse online,Voted against rejection,2026-07-09,jonas.fernandezalvarez@europarl.europa.eu,https://www.europarl.europa.eu/mepphoto/125046.jpg,https://www.europarl.europa.eu/meps/en/125046,https://howtheyvote.eu/votes/195775
96810,Carlo FIDANZA,Carlo,FIDANZA,Italy,ITA,,ECR,European Conservatives and Reformists,ECR,FOR,Said no to action against child sexual abuse,Voted for rejection,2026-07-09,carlo.fidanza@europarl.europa.eu,https://www.europarl.europa.eu/mepphoto/96810.jpg,https://www.europarl.europa.eu/meps/en/96810,https://howtheyvote.eu/votes/195775
197607,Pietro FIOCCHI,Pietro,FIOCCHI,Italy,ITA,,ECR,European Conservatives and Reformists,ECR,FOR,Said no to action against child sexual abuse,Voted for rejection,2026-07-09,pietro.fiocchi@europarl.europa.eu,https://www.europarl.europa.eu/mepphoto/197607.jpg,https://www.europarl.europa.eu/meps/en/197607,https://howtheyvote.eu/votes/195775
257098,Gabriela FIREA,Gabriela,FIREA,Romania,ROU,,S&D,Progressive Alliance of Socialists and Democrats,SD,AGAINST,Voted to fight sexual abuse online,Voted against rejection,2026-07-09,gabriela.firea@europarl.europa.eu,https://www.europarl.europa.eu/mepphoto/257098.jpg,https://www.europarl.europa.eu/meps/en/257098,https://howtheyvote.eu/votes/195775
25758,Ruth FIRMENICH,Ruth,FIRMENICH,Germany,DEU,,Non-attached,Non-attached Members,NI,FOR,Said no to action against child sexual abuse,Voted for rejection,2026-07-09,ruth.firmenich@europarl.europa.eu,https://www.europarl.europa.eu/mepphoto/25758.jpg,https://www.europarl.europa.eu/meps/en/25758,https://howtheyvote.eu/votes/195775
256906,Claire FITA,Claire,FITA,France,FRA,,S&D,Progressive Alliance of Socialists and Democrats,SD,ABSTENTION,Abstained,Abstained,2026-07-09,claire.fita@europarl.europa.eu,https://www.europarl.europa.eu/mepphoto/256906.jpg,https://www.europarl.europa.eu/meps/en/256906,https://howtheyvote.eu/votes/195775
124985,Luke Ming FLANAGAN,Luke Ming,FLANAGAN,Ireland,IRL,,The Left,The Left in the European Parliament,GUE_NGL,DID_NOT_VOTE,Did not vote,Did not vote,2026-07-09,lukeming.flanagan@europarl.europa.eu,https://www.europarl.europa.eu/mepphoto/124985.jpg,https://www.europarl.europa.eu/meps/en/124985,https://howtheyvote.eu/votes/195775
197414,Loucas FOURLAS,Loucas,FOURLAS,Cyprus,CYP,,EPP,European People's Party,EPP,DID_NOT_VOTE,Did not vote,Did not vote,2026-07-09,loucas.fourlas@europarl.europa.eu,https://www.europarl.europa.eu/mepphoto/197414.jpg,https://www.europarl.europa.eu/meps/en/197414,https://howtheyvote.eu/votes/195775
256913,Emma FOURREAU,Emma,FOURREAU,France,FRA,,The Left,The Left in the European Parliament,GUE_NGL,FOR,Said no to action against child sexual abuse,Voted for rejection,2026-07-09,emma.fourreau@europarl.europa.eu,https://www.europarl.europa.eu/mepphoto/256913.jpg,https://www.europarl.europa.eu/meps/en/256913,https://howtheyvote.eu/votes/195775
198490,Emmanouil FRAGKOS,Emmanouil,FRAGKOS,Greece,GRC,,ECR,European Conservatives and Reformists,ECR,FOR,Said no to action against child sexual abuse,Voted for rejection,2026-07-09,emmanouil.fragkos@europarl.europa.eu,https://www.europarl.europa.eu/mepphoto/198490.jpg,https://www.europarl.europa.eu/meps/en/198490,https://howtheyvote.eu/votes/195775
257066,André FRANQUEIRA RODRIGUES,André,FRANQUEIRA RODRIGUES,Portugal,PRT,,S&D,Progressive Alliance of Socialists and Democrats,SD,AGAINST,Voted to fight sexual abuse online,Voted against rejection,2026-07-09,andre.franqueirarodrigues@europarl.europa.eu,https://www.europarl.europa.eu/mepphoto/257066.jpg,https://www.europarl.europa.eu/meps/en/257066,https://howtheyvote.eu/votes/195775
106936,Daniel FREUND,Daniel,FREUND,Germany,DEU,,Greens/EFA,Greens/European Free Alliance,GREEN_EFA,FOR,Said no to action against child sexual abuse,Voted for rejection,2026-07-09,daniel.freund@europarl.europa.eu,https://www.europarl.europa.eu/mepphoto/106936.jpg,https://www.europarl.europa.eu/meps/en/106936,https://howtheyvote.eu/votes/195775
256876,Anne-Sophie FRIGOUT,Anne-Sophie,FRIGOUT,France,FRA,,PfE,Patriots for Europe,PFE,FOR,Said no to action against child sexual abuse,Voted for rejection,2026-07-09,anne-sophie.frigout@europarl.europa.eu,https://www.europarl.europa.eu/mepphoto/256876.jpg,https://www.europarl.europa.eu/meps/en/256876,https://howtheyvote.eu/votes/195775
257038,Sigrid FRIIS,Sigrid,FRIIS,Denmark,DNK,,Renew,Renew Europe,RENEW,FOR,Said no to action against child sexual abuse,Voted for rejection,2026-07-09,sigrid.friis@europarl.europa.eu,https://www.europarl.europa.eu/mepphoto/257038.jpg,https://www.europarl.europa.eu/meps/en/257038,https://howtheyvote.eu/votes/195775
197391,Heléne FRITZON,Heléne,FRITZON,Sweden,SWE,,S&D,Progressive Alliance of Socialists and Democrats,SD,AGAINST,Voted to fight sexual abuse online,Voted against rejection,2026-07-09,helene.fritzon@europarl.europa.eu,https://www.europarl.europa.eu/mepphoto/197391.jpg,https://www.europarl.europa.eu/meps/en/197391,https://howtheyvote.eu/votes/195775
190574,Tomasz FROELICH,Tomasz,FROELICH,Germany,DEU,,ESN,Europe of Sovereign Nations,ESN,FOR,Said no to action against child sexual abuse,Voted for rejection,2026-07-09,tomasz.froelich@europarl.europa.eu,https://www.europarl.europa.eu/mepphoto/190574.jpg,https://www.europarl.europa.eu/meps/en/190574,https://howtheyvote.eu/votes/195775
101585,Niels FUGLSANG,Niels,FUGLSANG,Denmark,DNK,,S&D,Progressive Alliance of Socialists and Democrats,SD,AGAINST,Voted to fight sexual abuse online,Voted against rejection,2026-07-09,niels.fuglsang@europarl.europa.eu,https://www.europarl.europa.eu/mepphoto/101585.jpg,https://www.europarl.europa.eu/meps/en/101585,https://howtheyvote.eu/votes/195775
257299,Kathleen FUNCHION,Kathleen,FUNCHION,Ireland,IRL,,The Left,The Left in the European Parliament,GUE_NGL,DID_NOT_VOTE,Did not vote,Did not vote,2026-07-09,kathleen.funchion@europarl.europa.eu,https://www.europarl.europa.eu/mepphoto/257299.jpg,https://www.europarl.europa.eu/meps/en/257299,https://howtheyvote.eu/votes/195775
256896,Angéline FURET,Angéline,FURET,France,FRA,,PfE,Patriots for Europe,PFE,FOR,Said no to action against child sexual abuse,Voted for rejection,2026-07-09,angeline.furet@europarl.europa.eu,https://www.europarl.europa.eu/mepphoto/256896.jpg,https://www.europarl.europa.eu/meps/en/256896,https://howtheyvote.eu/votes/195775
197795,Mario FURORE,Mario,FURORE,Italy,ITA,,The Left,The Left in the European Parliament,GUE_NGL,FOR,Said no to action against child sexual abuse,Voted for rejection,2026-07-09,mario.furore@europarl.europa.eu,https://www.europarl.europa.eu/mepphoto/197795.jpg,https://www.europarl.europa.eu/meps/en/197795,https://howtheyvote.eu/votes/195775
2341,Michael GAHLER,Michael,GAHLER,Germany,DEU,,EPP,European People's Party,EPP,AGAINST,Voted to fight sexual abuse online,Voted against rejection,2026-07-09,michael.gahler@europarl.europa.eu,https://www.europarl.europa.eu/mepphoto/2341.jpg,https://www.europarl.europa.eu/meps/en/2341,https://howtheyvote.eu/votes/195775
257012,Estrella GALÁN,Estrella,GALÁN,Spain,ESP,,The Left,The Left in the European Parliament,GUE_NGL,FOR,Said no to action against child sexual abuse,Voted for rejection,2026-07-09,estrella.galan@europarl.europa.eu,https://www.europarl.europa.eu/mepphoto/257012.jpg,https://www.europarl.europa.eu/meps/en/257012,https://howtheyvote.eu/votes/195775
257097,Alberico GAMBINO,Alberico,GAMBINO,Italy,ITA,,ECR,European Conservatives and Reformists,ECR,FOR,Said no to action against child sexual abuse,Voted for rejection,2026-07-09,alberico.gambino@europarl.europa.eu,https://www.europarl.europa.eu/mepphoto/257097.jpg,https://www.europarl.europa.eu/meps/en/257097,https://howtheyvote.eu/votes/195775
256970,Raquel GARCÍA HERMIDA-VAN DER WALLE,Raquel,GARCÍA HERMIDA-VAN DER WALLE,Netherlands,NLD,,Renew,Renew Europe,RENEW,FOR,Said no to action against child sexual abuse,Voted for rejection,2026-07-09,raquel.garciahermida-vanderwalle@europarl.europa.eu,https://www.europarl.europa.eu/mepphoto/256970.jpg,https://www.europarl.europa.eu/meps/en/256970,https://howtheyvote.eu/votes/195775
28298,Iratxe GARCÍA PÉREZ,Iratxe,GARCÍA PÉREZ,Spain,ESP,,S&D,Progressive Alliance of Socialists and Democrats,SD,AGAINST,Voted to fight sexual abuse online,Voted against rejection,2026-07-09,iratxe.garcia-perez@europarl.europa.eu,https://www.europarl.europa.eu/mepphoto/28298.jpg,https://www.europarl.europa.eu/meps/en/28298,https://howtheyvote.eu/votes/195775
197628,Jean-Paul GARRAUD,Jean-Paul,GARRAUD,France,FRA,,PfE,Patriots for Europe,PFE,FOR,Said no to action against child sexual abuse,Voted for rejection,2026-07-09,jean-paul.garraud@europarl.europa.eu,https://www.europarl.europa.eu/mepphoto/197628.jpg,https://www.europarl.europa.eu/meps/en/197628,https://howtheyvote.eu/votes/195775
257032,Kamila GASIUK-PIHOWICZ,Kamila,GASIUK-PIHOWICZ,Poland,POL,,EPP,European People's Party,EPP,AGAINST,Voted to fight sexual abuse online,Voted against rejection,2026-07-09,kamila.gasiuk-pihowicz@europarl.europa.eu,https://www.europarl.europa.eu/mepphoto/257032.jpg,https://www.europarl.europa.eu/meps/en/257032,https://howtheyvote.eu/votes/195775
28150,Kinga GÁL,Kinga,GÁL,Hungary,HUN,,PfE,Patriots for Europe,PFE,AGAINST,Voted to fight sexual abuse online,Voted against rejection,2026-07-09,kinga.gal@europarl.europa.eu,https://www.europarl.europa.eu/mepphoto/28150.jpg,https://www.europarl.europa.eu/meps/en/28150,https://howtheyvote.eu/votes/195775
197702,Lina GÁLVEZ,Lina,GÁLVEZ,Spain,ESP,,S&D,Progressive Alliance of Socialists and Democrats,SD,AGAINST,Voted to fight sexual abuse online,Voted against rejection,2026-07-09,lina.galvezmunoz@europarl.europa.eu,https://www.europarl.europa.eu/mepphoto/197702.jpg,https://www.europarl.europa.eu/meps/en/197702,https://howtheyvote.eu/votes/195775
256986,Geadis GEADI,Geadis,GEADI,Cyprus,CYP,,ECR,European Conservatives and Reformists,ECR,AGAINST,Voted to fight sexual abuse online,Voted against rejection,2026-07-09,geadis.geadi@europarl.europa.eu,https://www.europarl.europa.eu/mepphoto/256986.jpg,https://www.europarl.europa.eu/meps/en/256986,https://howtheyvote.eu/votes/195775
257092,Hanna GEDIN,Hanna,GEDIN,Sweden,SWE,,The Left,The Left in the European Parliament,GUE_NGL,FOR,Said no to action against child sexual abuse,Voted for rejection,2026-07-09,hanna.gedin@europarl.europa.eu,https://www.europarl.europa.eu/mepphoto/257092.jpg,https://www.europarl.europa.eu/meps/en/257092,https://howtheyvote.eu/votes/195775
183916,Alexandra GEESE,Alexandra,GEESE,Germany,DEU,,Greens/EFA,Greens/European Free Alliance,GREEN_EFA,FOR,Said no to action against child sexual abuse,Voted for rejection,2026-07-09,alexandra.geese@europarl.europa.eu,https://www.europarl.europa.eu/mepphoto/183916.jpg,https://www.europarl.europa.eu/meps/en/183916,https://howtheyvote.eu/votes/195775
96833,Jens GEIER,Jens,GEIER,Germany,DEU,,S&D,Progressive Alliance of Socialists and Democrats,SD,FOR,Said no to action against child sexual abuse,Voted for rejection,2026-07-09,jens.geier@europarl.europa.eu,https://www.europarl.europa.eu/mepphoto/96833.jpg,https://www.europarl.europa.eu/meps/en/96833,https://howtheyvote.eu/votes/195775
256939,Thomas GEISEL,Thomas,GEISEL,Germany,DEU,,Non-attached,Non-attached Members,NI,DID_NOT_VOTE,Did not vote,Did not vote,2026-07-09,thomas.geisel@europarl.europa.eu,https://www.europarl.europa.eu/mepphoto/256939.jpg,https://www.europarl.europa.eu/meps/en/256939,https://howtheyvote.eu/votes/195775
197794,Chiara GEMMA,Chiara,GEMMA,Italy,ITA,,ECR,European Conservatives and Reformists,ECR,DID_NOT_VOTE,Did not vote,Did not vote,2026-07-09,chiara.gemma@europarl.europa.eu,https://www.europarl.europa.eu/mepphoto/197794.jpg,https://www.europarl.europa.eu/meps/en/197794,https://howtheyvote.eu/votes/195775
197416,Giorgos GEORGIOU,Giorgos,GEORGIOU,Cyprus,CYP,,The Left,The Left in the European Parliament,GUE_NGL,DID_NOT_VOTE,Did not vote,Did not vote,2026-07-09,giorgos.georgiou@europarl.europa.eu,https://www.europarl.europa.eu/mepphoto/197416.jpg,https://www.europarl.europa.eu/meps/en/197416,https://howtheyvote.eu/votes/195775
96940,Gerben-Jan GERBRANDY,Gerben-Jan,GERBRANDY,Netherlands,NLD,,Renew,Renew Europe,RENEW,FOR,Said no to action against child sexual abuse,Voted for rejection,2026-07-09,gerbrandy@europarl.europa.eu,https://www.europarl.europa.eu/mepphoto/96940.jpg,https://www.europarl.europa.eu/meps/en/96940,https://howtheyvote.eu/votes/195775
256901,Jean-Marc GERMAIN,Jean-Marc,GERMAIN,France,FRA,,S&D,Progressive Alliance of Socialists and Democrats,SD,DID_NOT_VOTE,Did not vote,Did not vote,2026-07-09,jean-marc.germain@europarl.europa.eu,https://www.europarl.europa.eu/mepphoto/256901.jpg,https://www.europarl.europa.eu/meps/en/256901,https://howtheyvote.eu/votes/195775
256866,Gabriella GERZSENYI,Gabriella,GERZSENYI,Hungary,HUN,,EPP,European People's Party,EPP,DID_NOT_VOTE,Did not vote,Did not vote,2026-07-09,gabriella.gerzsenyi@europarl.europa.eu,https://www.europarl.europa.eu/mepphoto/256866.jpg,https://www.europarl.europa.eu/meps/en/256866,https://howtheyvote.eu/votes/195775
251874,Niels GEUKING,Niels,GEUKING,Germany,DEU,,EPP,European People's Party,EPP,AGAINST,Voted to fight sexual abuse online,Voted against rejection,2026-07-09,niels.geuking@europarl.europa.eu,https://www.europarl.europa.eu/mepphoto/251874.jpg,https://www.europarl.europa.eu/meps/en/251874,https://howtheyvote.eu/votes/195775
124807,Jens GIESEKE,Jens,GIESEKE,Germany,DEU,,EPP,European People's Party,EPP,AGAINST,Voted to fight sexual abuse online,Voted against rejection,2026-07-09,jens.gieseke@europarl.europa.eu,https://www.europarl.europa.eu/mepphoto/124807.jpg,https://www.europarl.europa.eu/meps/en/124807,https://howtheyvote.eu/votes/195775
125204,Borja GIMÉNEZ LARRAZ,Borja,GIMÉNEZ LARRAZ,Spain,ESP,,EPP,European People's Party,EPP,AGAINST,Voted to fight sexual abuse online,Voted against rejection,2026-07-09,borja.gimenezlarraz@europarl.europa.eu,https://www.europarl.europa.eu/mepphoto/125204.jpg,https://www.europarl.europa.eu/meps/en/125204,https://howtheyvote.eu/votes/195775
125052,Juan Carlos GIRAUTA VIDAL,Juan Carlos,GIRAUTA VIDAL,Spain,ESP,,PfE,Patriots for Europe,PFE,DID_NOT_VOTE,Did not vote,Did not vote,2026-07-09,juancarlos.girautavidal@europarl.europa.eu,https://www.europarl.europa.eu/mepphoto/125052.jpg,https://www.europarl.europa.eu/meps/en/125052,https://howtheyvote.eu/votes/195775
202036,Sunčana GLAVAK,Sunčana,GLAVAK,Croatia,HRV,,EPP,European People's Party,EPP,DID_NOT_VOTE,Did not vote,Did not vote,2026-07-09,suncana.glavak@europarl.europa.eu,https://www.europarl.europa.eu/mepphoto/202036.jpg,https://www.europarl.europa.eu/meps/en/202036,https://howtheyvote.eu/votes/195775
197694,Raphaël GLUCKSMANN,Raphaël,GLUCKSMANN,France,FRA,,S&D,Progressive Alliance of Socialists and Democrats,SD,ABSTENTION,Abstained,Abstained,2026-07-09,raphael.glucksmann@europarl.europa.eu,https://www.europarl.europa.eu/mepphoto/197694.jpg,https://www.europarl.europa.eu/meps/en/197694,https://howtheyvote.eu/votes/195775
197443,Andreas GLÜCK,Andreas,GLÜCK,Germany,DEU,,Renew,Renew Europe,RENEW,FOR,Said no to action against child sexual abuse,Voted for rejection,2026-07-09,andreas.glueck@europarl.europa.eu,https://www.europarl.europa.eu/mepphoto/197443.jpg,https://www.europarl.europa.eu/meps/en/197443,https://howtheyvote.eu/votes/195775
840,Charles GOERENS,Charles,GOERENS,Luxembourg,LUX,,Renew,Renew Europe,RENEW,FOR,Said no to action against child sexual abuse,Voted for rejection,2026-07-09,charles.goerens@europarl.europa.eu,https://www.europarl.europa.eu/mepphoto/840.jpg,https://www.europarl.europa.eu/meps/en/840,https://howtheyvote.eu/votes/195775
256919,Christophe GOMART,Christophe,GOMART,France,FRA,,EPP,European People's Party,EPP,AGAINST,Voted to fight sexual abuse online,Voted against rejection,2026-07-09,christophe.gomart@europarl.europa.eu,https://www.europarl.europa.eu/mepphoto/256919.jpg,https://www.europarl.europa.eu/meps/en/256919,https://howtheyvote.eu/votes/195775
257075,Isilda GOMES,Isilda,GOMES,Portugal,PRT,,S&D,Progressive Alliance of Socialists and Democrats,SD,AGAINST,Voted to fight sexual abuse online,Voted against rejection,2026-07-09,isilda.gomes@europarl.europa.eu,https://www.europarl.europa.eu/mepphoto/257075.jpg,https://www.europarl.europa.eu/meps/en/257075,https://howtheyvote.eu/votes/195775
257059,Bruno GONÇALVES,Bruno,GONÇALVES,Portugal,PRT,,S&D,Progressive Alliance of Socialists and Democrats,SD,FOR,Said no to action against child sexual abuse,Voted for rejection,2026-07-09,bruno.goncalves@europarl.europa.eu,https://www.europarl.europa.eu/mepphoto/257059.jpg,https://www.europarl.europa.eu/meps/en/257059,https://howtheyvote.eu/votes/195775
257079,Sérgio GONÇALVES,Sérgio,GONÇALVES,Portugal,PRT,,S&D,Progressive Alliance of Socialists and Democrats,SD,AGAINST,Voted to fight sexual abuse online,Voted against rejection,2026-07-09,sergio.sousagoncalves@europarl.europa.eu,https://www.europarl.europa.eu/mepphoto/257079.jpg,https://www.europarl.europa.eu/meps/en/257079,https://howtheyvote.eu/votes/195775
197718,Nicolás GONZÁLEZ CASARES,Nicolás,GONZÁLEZ CASARES,Spain,ESP,,S&D,Progressive Alliance of Socialists and Democrats,SD,FOR,Said no to action against child sexual abuse,Voted for rejection,2026-07-09,nicolas.casares@europarl.europa.eu,https://www.europarl.europa.eu/mepphoto/197718.jpg,https://www.europarl.europa.eu/meps/en/197718,https://howtheyvote.eu/votes/195775
125027,Esteban GONZÁLEZ PONS,Esteban,GONZÁLEZ PONS,Spain,ESP,,EPP,European People's Party,EPP,AGAINST,Voted to fight sexual abuse online,Voted against rejection,2026-07-09,esteban.gonzalezpons@europarl.europa.eu,https://www.europarl.europa.eu/mepphoto/125027.jpg,https://www.europarl.europa.eu/meps/en/125027,https://howtheyvote.eu/votes/195775
257102,Giorgio GORI,Giorgio,GORI,Italy,ITA,,S&D,Progressive Alliance of Socialists and Democrats,SD,FOR,Said no to action against child sexual abuse,Voted for rejection,2026-07-09,giorgio.gori@europarl.europa.eu,https://www.europarl.europa.eu/mepphoto/257102.jpg,https://www.europarl.europa.eu/meps/en/257102,https://howtheyvote.eu/votes/195775
257055,Małgorzata GOSIEWSKA,Małgorzata,GOSIEWSKA,Poland,POL,,ECR,European Conservatives and Reformists,ECR,AGAINST,Voted to fight sexual abuse online,Voted against rejection,2026-07-09,malgorzata.gosiewska@europarl.europa.eu,https://www.europarl.europa.eu/mepphoto/257055.jpg,https://www.europarl.europa.eu/meps/en/257055,https://howtheyvote.eu/votes/195775
97399,Dirk GOTINK,Dirk,GOTINK,Netherlands,NLD,,EPP,European People's Party,EPP,AGAINST,Voted to fight sexual abuse online,Voted against rejection,2026-07-09,dirk.gotink@europarl.europa.eu,https://www.europarl.europa.eu/mepphoto/97399.jpg,https://www.europarl.europa.eu/meps/en/97399,https://howtheyvote.eu/votes/195775
204419,Sandro GOZI,Sandro,GOZI,France,FRA,,Renew,Renew Europe,RENEW,AGAINST,Voted to fight sexual abuse online,Voted against rejection,2026-07-09,sandro.gozi@europarl.europa.eu,https://www.europarl.europa.eu/mepphoto/204419.jpg,https://www.europarl.europa.eu/meps/en/204419,https://howtheyvote.eu/votes/195775
256997,Sandra GÓMEZ LÓPEZ,Sandra,GÓMEZ LÓPEZ,Spain,ESP,,S&D,Progressive Alliance of Socialists and Democrats,SD,AGAINST,Voted to fight sexual abuse online,Voted against rejection,2026-07-09,sandra.gomezlopez@europarl.europa.eu,https://www.europarl.europa.eu/mepphoto/256997.jpg,https://www.europarl.europa.eu/meps/en/256997,https://howtheyvote.eu/votes/195775
124785,Maria GRAPINI,Maria,GRAPINI,Romania,ROU,,S&D,Progressive Alliance of Socialists and Democrats,SD,AGAINST,Voted to fight sexual abuse online,Voted against rejection,2026-07-09,maria.grapini@europarl.europa.eu,https://www.europarl.europa.eu/mepphoto/124785.jpg,https://www.europarl.europa.eu/meps/en/124785,https://howtheyvote.eu/votes/195775
256808,Petras GRAŽULIS,Petras,GRAŽULIS,Lithuania,LTU,,ESN,Europe of Sovereign Nations,ESN,FOR,Said no to action against child sexual abuse,Voted for rejection,2026-07-09,petras.grazulis@europarl.europa.eu,https://www.europarl.europa.eu/mepphoto/256808.jpg,https://www.europarl.europa.eu/meps/en/256808,https://howtheyvote.eu/votes/195775
197549,Markéta GREGOROVÁ,Markéta,GREGOROVÁ,Czechia,CZE,,Greens/EFA,Greens/European Free Alliance,GREEN_EFA,FOR,Said no to action against child sexual abuse,Voted for rejection,2026-07-09,marketa.gregorova@europarl.europa.eu,https://www.europarl.europa.eu/mepphoto/197549.jpg,https://www.europarl.europa.eu/meps/en/197549,https://howtheyvote.eu/votes/195775
220908,Branko GRIMS,Branko,GRIMS,Slovenia,SVN,,Non-attached,Non-attached Members,NI,ABSTENTION,Abstained,Abstained,2026-07-09,branko.grims@europarl.europa.eu,https://www.europarl.europa.eu/mepphoto/220908.jpg,https://www.europarl.europa.eu/meps/en/220908,https://howtheyvote.eu/votes/195775
94649,Catherine GRISET,Catherine,GRISET,France,FRA,,PfE,Patriots for Europe,PFE,FOR,Said no to action against child sexual abuse,Voted for rejection,2026-07-09,catherine.griset@europarl.europa.eu,https://www.europarl.europa.eu/mepphoto/94649.jpg,https://www.europarl.europa.eu/meps/en/94649,https://howtheyvote.eu/votes/195775
262021,Hanna GRONKIEWICZ-WALTZ,Hanna,GRONKIEWICZ-WALTZ,Poland,POL,,EPP,European People's Party,EPP,AGAINST,Voted to fight sexual abuse online,Voted against rejection,2026-07-09,hanna.gronkiewicz-waltz@europarl.europa.eu,https://www.europarl.europa.eu/mepphoto/262021.jpg,https://www.europarl.europa.eu/meps/en/262021,https://howtheyvote.eu/votes/195775
197780,Bart GROOTHUIS,Bart,GROOTHUIS,Netherlands,NLD,,Renew,Renew Europe,RENEW,FOR,Said no to action against child sexual abuse,Voted for rejection,2026-07-09,bart.groothuis@europarl.europa.eu,https://www.europarl.europa.eu/mepphoto/197780.jpg,https://www.europarl.europa.eu/meps/en/197780,https://howtheyvote.eu/votes/195775
256830,Elisabeth GROSSMANN,Elisabeth,GROSSMANN,Austria,AUT,,S&D,Progressive Alliance of Socialists and Democrats,SD,DID_NOT_VOTE,Did not vote,Did not vote,2026-07-09,elisabeth.grossmann@europarl.europa.eu,https://www.europarl.europa.eu/mepphoto/256830.jpg,https://www.europarl.europa.eu/meps/en/256830,https://howtheyvote.eu/votes/195775
197557,Christophe GRUDLER,Christophe,GRUDLER,France,FRA,,Renew,Renew Europe,RENEW,AGAINST,Voted to fight sexual abuse online,Voted against rejection,2026-07-09,christophe.grudler@europarl.europa.eu,https://www.europarl.europa.eu/mepphoto/197557.jpg,https://www.europarl.europa.eu/meps/en/197557,https://howtheyvote.eu/votes/195775
197618,Elisabetta GUALMINI,Elisabetta,GUALMINI,Italy,ITA,,Renew,Renew Europe,RENEW,FOR,Said no to action against child sexual abuse,Voted for rejection,2026-07-09,elisabetta.gualmini@europarl.europa.eu,https://www.europarl.europa.eu/mepphoto/197618.jpg,https://www.europarl.europa.eu/meps/en/197618,https://howtheyvote.eu/votes/195775
257130,Cristina GUARDA,Cristina,GUARDA,Italy,ITA,,Greens/EFA,Greens/European Free Alliance,GREEN_EFA,FOR,Said no to action against child sexual abuse,Voted for rejection,2026-07-09,cristina.guarda@europarl.europa.eu,https://www.europarl.europa.eu/mepphoto/257130.jpg,https://www.europarl.europa.eu/meps/en/257130,https://howtheyvote.eu/votes/195775
197543,Bernard GUETTA,Bernard,GUETTA,France,FRA,,Renew,Renew Europe,RENEW,AGAINST,Voted to fight sexual abuse online,Voted against rejection,2026-07-09,bernard.guetta@europarl.europa.eu,https://www.europarl.europa.eu/mepphoto/197543.jpg,https://www.europarl.europa.eu/meps/en/197543,https://howtheyvote.eu/votes/195775
256803,Maria GUZENINA,Maria,GUZENINA,Finland,FIN,,S&D,Progressive Alliance of Socialists and Democrats,SD,AGAINST,Voted to fight sexual abuse online,Voted against rejection,2026-07-09,maria.guzenina@europarl.europa.eu,https://www.europarl.europa.eu/mepphoto/256803.jpg,https://www.europarl.europa.eu/meps/en/256803,https://howtheyvote.eu/votes/195775
270719,Martin GÜNTHER,Martin,GÜNTHER,Germany,DEU,,The Left,The Left in the European Parliament,GUE_NGL,FOR,Said no to action against child sexual abuse,Voted for rejection,2026-07-09,martin.guenther@europarl.europa.eu,https://www.europarl.europa.eu/mepphoto/270719.jpg,https://www.europarl.europa.eu/meps/en/270719,https://howtheyvote.eu/votes/195775
96830,Enikő GYŐRI,Enikő,GYŐRI,Hungary,HUN,,PfE,Patriots for Europe,PFE,AGAINST,Voted to fight sexual abuse online,Voted against rejection,2026-07-09,eniko.gyori@europarl.europa.eu,https://www.europarl.europa.eu/mepphoto/96830.jpg,https://www.europarl.europa.eu/meps/en/96830,https://howtheyvote.eu/votes/195775
23816,András GYÜRK,András,GYÜRK,Hungary,HUN,,PfE,Patriots for Europe,PFE,AGAINST,Voted to fight sexual abuse online,Voted against rejection,2026-07-09,andras.gyurk@europarl.europa.eu,https://www.europarl.europa.eu/mepphoto/23816.jpg,https://www.europarl.europa.eu/meps/en/23816,https://howtheyvote.eu/votes/195775
256985,Michalis HADJIPANTELA,Michalis,HADJIPANTELA,Cyprus,CYP,,EPP,European People's Party,EPP,AGAINST,Voted to fight sexual abuse online,Voted against rejection,2026-07-09,michael.hadjipantela@europarl.europa.eu,https://www.europarl.europa.eu/mepphoto/256985.jpg,https://www.europarl.europa.eu/meps/en/256985,https://howtheyvote.eu/votes/195775
197444,Svenja HAHN,Svenja,HAHN,Germany,DEU,,Renew,Renew Europe,RENEW,FOR,Said no to action against child sexual abuse,Voted for rejection,2026-07-09,svenja.hahn@europarl.europa.eu,https://www.europarl.europa.eu/mepphoto/197444.jpg,https://www.europarl.europa.eu/meps/en/197444,https://howtheyvote.eu/votes/195775
198176,Roman HAIDER,Roman,HAIDER,Austria,AUT,,PfE,Patriots for Europe,PFE,FOR,Said no to action against child sexual abuse,Voted for rejection,2026-07-09,roman.haider@europarl.europa.eu,https://www.europarl.europa.eu/mepphoto/198176.jpg,https://www.europarl.europa.eu/meps/en/198176,https://howtheyvote.eu/votes/195775
197514,Andrzej HALICKI,Andrzej,HALICKI,Poland,POL,,EPP,European People's Party,EPP,AGAINST,Voted to fight sexual abuse online,Voted against rejection,2026-07-09,andrzej.halicki@europarl.europa.eu,https://www.europarl.europa.eu/mepphoto/197514.jpg,https://www.europarl.europa.eu/meps/en/197514,https://howtheyvote.eu/votes/195775
257033,Niels Flemming HANSEN,Niels Flemming,HANSEN,Denmark,DNK,,EPP,European People's Party,EPP,ABSTENTION,Abstained,Abstained,2026-07-09,niels.hansen@europarl.europa.eu,https://www.europarl.europa.eu/mepphoto/257033.jpg,https://www.europarl.europa.eu/meps/en/257033,https://howtheyvote.eu/votes/195775
256912,Rima HASSAN,Rima,HASSAN,France,FRA,,The Left,The Left in the European Parliament,GUE_NGL,FOR,Said no to action against child sexual abuse,Voted for rejection,2026-07-09,rima.hassan@europarl.europa.eu,https://www.europarl.europa.eu/mepphoto/256912.jpg,https://www.europarl.europa.eu/meps/en/256912,https://howtheyvote.eu/votes/195775
256842,Gerald HAUSER,Gerald,HAUSER,Austria,AUT,,PfE,Patriots for Europe,PFE,FOR,Said no to action against child sexual abuse,Voted for rejection,2026-07-09,gerald.hauser@europarl.europa.eu,https://www.europarl.europa.eu/mepphoto/256842.jpg,https://www.europarl.europa.eu/meps/en/256842,https://howtheyvote.eu/votes/195775
197646,Mircea-Gheorghe HAVA,Mircea-Gheorghe,HAVA,Romania,ROU,,EPP,European People's Party,EPP,AGAINST,Voted to fight sexual abuse online,Voted against rejection,2026-07-09,mircea.hava@europarl.europa.eu,https://www.europarl.europa.eu/mepphoto/197646.jpg,https://www.europarl.europa.eu/meps/en/197646,https://howtheyvote.eu/votes/195775
135511,Valérie HAYER,Valérie,HAYER,France,FRA,,Renew,Renew Europe,RENEW,FOR,Said no to action against child sexual abuse,Voted for rejection,2026-07-09,valerie.hayer@europarl.europa.eu,https://www.europarl.europa.eu/mepphoto/135511.jpg,https://www.europarl.europa.eu/meps/en/135511,https://howtheyvote.eu/votes/195775
125023,Anja HAZEKAMP,Anja,HAZEKAMP,Netherlands,NLD,,The Left,The Left in the European Parliament,GUE_NGL,FOR,Said no to action against child sexual abuse,Voted for rejection,2026-07-09,anja.hazekamp@europarl.europa.eu,https://www.europarl.europa.eu/mepphoto/125023.jpg,https://www.europarl.europa.eu/meps/en/125023,https://howtheyvote.eu/votes/195775
96752,Martin HÄUSLING,Martin,HÄUSLING,Germany,DEU,,Greens/EFA,Greens/European Free Alliance,GREEN_EFA,FOR,Said no to action against child sexual abuse,Voted for rejection,2026-07-09,martin.haeusling@europarl.europa.eu,https://www.europarl.europa.eu/mepphoto/96752.jpg,https://www.europarl.europa.eu/meps/en/96752,https://howtheyvote.eu/votes/195775
197682,Hannes HEIDE,Hannes,HEIDE,Austria,AUT,,S&D,Progressive Alliance of Socialists and Democrats,SD,AGAINST,Voted to fight sexual abuse online,Voted against rejection,2026-07-09,hannes.heide@europarl.europa.eu,https://www.europarl.europa.eu/mepphoto/197682.jpg,https://www.europarl.europa.eu/meps/en/197682,https://howtheyvote.eu/votes/195775
197800,Eero HEINÄLUOMA,Eero,HEINÄLUOMA,Finland,FIN,,S&D,Progressive Alliance of Socialists and Democrats,SD,AGAINST,Voted to fight sexual abuse online,Voted against rejection,2026-07-09,eero.heinaluoma@europarl.europa.eu,https://www.europarl.europa.eu/mepphoto/197800.jpg,https://www.europarl.europa.eu/meps/en/197800,https://howtheyvote.eu/votes/195775
198073,Anna-Maja HENRIKSSON,Anna-Maja,HENRIKSSON,Finland,FIN,,Renew,Renew Europe,RENEW,AGAINST,Voted to fight sexual abuse online,Voted against rejection,2026-07-09,anna-maja.henriksson@europarl.europa.eu,https://www.europarl.europa.eu/mepphoto/198073.jpg,https://www.europarl.europa.eu/meps/en/198073,https://howtheyvote.eu/votes/195775
197412,Niclas HERBST,Niclas,HERBST,Germany,DEU,,EPP,European People's Party,EPP,AGAINST,Voted to fight sexual abuse online,Voted against rejection,2026-07-09,niclas.herbst@europarl.europa.eu,https://www.europarl.europa.eu/mepphoto/197412.jpg,https://www.europarl.europa.eu/meps/en/197412,https://howtheyvote.eu/votes/195775
278406,Norbert HERHAMMER,Norbert,HERHAMMER,Germany,DEU,,EPP,European People's Party,EPP,AGAINST,Voted to fight sexual abuse online,Voted against rejection,2026-07-09,norbert.herhammer@europarl.europa.eu,https://www.europarl.europa.eu/mepphoto/278406.jpg,https://www.europarl.europa.eu/meps/en/278406,https://howtheyvote.eu/votes/195775
22418,Esther HERRANZ GARCÍA,Esther,HERRANZ GARCÍA,Spain,ESP,,EPP,European People's Party,EPP,DID_NOT_VOTE,Did not vote,Did not vote,2026-07-09,esther.herranzgarcia@europarl.europa.eu,https://www.europarl.europa.eu/mepphoto/22418.jpg,https://www.europarl.europa.eu/meps/en/22418,https://howtheyvote.eu/votes/195775
124895,Krzysztof HETMAN,Krzysztof,HETMAN,Poland,POL,,EPP,European People's Party,EPP,AGAINST,Voted to fight sexual abuse online,Voted against rejection,2026-07-09,krzysztof.hetman@europarl.europa.eu,https://www.europarl.europa.eu/mepphoto/124895.jpg,https://www.europarl.europa.eu/meps/en/124895,https://howtheyvote.eu/votes/195775
96780,Monika HOHLMEIER,Monika,HOHLMEIER,Germany,DEU,,EPP,European People's Party,EPP,AGAINST,Voted to fight sexual abuse online,Voted against rejection,2026-07-09,monika.hohlmeier@europarl.europa.eu,https://www.europarl.europa.eu/mepphoto/96780.jpg,https://www.europarl.europa.eu/meps/en/96780,https://howtheyvote.eu/votes/195775
197770,Martin HOJSÍK,Martin,HOJSÍK,Slovakia,SVK,,Renew,Renew Europe,RENEW,DID_NOT_VOTE,Did not vote,Did not vote,2026-07-09,martin.hojsik@europarl.europa.eu,https://www.europarl.europa.eu/mepphoto/197770.jpg,https://www.europarl.europa.eu/meps/en/197770,https://howtheyvote.eu/votes/195775
197398,Pär HOLMGREN,Pär,HOLMGREN,Sweden,SWE,,Greens/EFA,Greens/European Free Alliance,GREEN_EFA,ABSTENTION,Abstained,Abstained,2026-07-09,par.holmgren@europarl.europa.eu,https://www.europarl.europa.eu/mepphoto/197398.jpg,https://www.europarl.europa.eu/meps/en/197398,https://howtheyvote.eu/votes/195775
122978,Alicia HOMS GINEL,Alicia,HOMS GINEL,Spain,ESP,,S&D,Progressive Alliance of Socialists and Democrats,SD,AGAINST,Voted to fight sexual abuse online,Voted against rejection,2026-07-09,alicia.homs@europarl.europa.eu,https://www.europarl.europa.eu/mepphoto/122978.jpg,https://www.europarl.europa.eu/meps/en/122978,https://howtheyvote.eu/votes/195775
124715,György HÖLVÉNYI,György,HÖLVÉNYI,Hungary,HUN,,PfE,Patriots for Europe,PFE,DID_NOT_VOTE,Did not vote,Did not vote,2026-07-09,gyorgy.holvenyi@europarl.europa.eu,https://www.europarl.europa.eu/mepphoto/124715.jpg,https://www.europarl.europa.eu/meps/en/124715,https://howtheyvote.eu/votes/195775
257065,Sérgio HUMBERTO,Sérgio,HUMBERTO,Portugal,PRT,,EPP,European People's Party,EPP,AGAINST,Voted to fight sexual abuse online,Voted against rejection,2026-07-09,sergio.humberto@europarl.europa.eu,https://www.europarl.europa.eu/mepphoto/257065.jpg,https://www.europarl.europa.eu/meps/en/257065,https://howtheyvote.eu/votes/195775
197624,Ivars IJABS,Ivars,IJABS,Latvia,LVA,,Renew,Renew Europe,RENEW,FOR,Said no to action against child sexual abuse,Voted for rejection,2026-07-09,ivars.ijabs@europarl.europa.eu,https://www.europarl.europa.eu/mepphoto/197624.jpg,https://www.europarl.europa.eu/meps/en/197624,https://howtheyvote.eu/votes/195775
256918,Céline IMART,Céline,IMART,France,FRA,,EPP,European People's Party,EPP,AGAINST,Voted to fight sexual abuse online,Voted against rejection,2026-07-09,celine.imart@europarl.europa.eu,https://www.europarl.europa.eu/mepphoto/256918.jpg,https://www.europarl.europa.eu/meps/en/256918,https://howtheyvote.eu/votes/195775
197392,Evin INCIR,Evin,INCIR,Sweden,SWE,,S&D,Progressive Alliance of Socialists and Democrats,SD,AGAINST,Voted to fight sexual abuse online,Voted against rejection,2026-07-09,evin.incir@europarl.europa.eu,https://www.europarl.europa.eu/mepphoto/197392.jpg,https://www.europarl.europa.eu/meps/en/197392,https://howtheyvote.eu/votes/195775
257144,Paolo INSELVINI,Paolo,INSELVINI,Italy,ITA,,ECR,European Conservatives and Reformists,ECR,FOR,Said no to action against child sexual abuse,Voted for rejection,2026-07-09,paolo.inselvini@europarl.europa.eu,https://www.europarl.europa.eu/mepphoto/257144.jpg,https://www.europarl.europa.eu/meps/en/257144,https://howtheyvote.eu/votes/195775
257120,Diana IOVANOVICI ŞOŞOACĂ,Diana,IOVANOVICI ŞOŞOACĂ,Romania,ROU,,Non-attached,Non-attached Members,NI,DID_NOT_VOTE,Did not vote,Did not vote,2026-07-09,diana.iovanovicisosoaca@europarl.europa.eu,https://www.europarl.europa.eu/mepphoto/257120.jpg,https://www.europarl.europa.eu/meps/en/257120,https://howtheyvote.eu/votes/195775
197516,Patryk JAKI,Patryk,JAKI,Poland,POL,,ECR,European Conservatives and Reformists,ECR,AGAINST,Voted to fight sexual abuse online,Voted against rejection,2026-07-09,patryktomasz.jaki@europarl.europa.eu,https://www.europarl.europa.eu/mepphoto/197516.jpg,https://www.europarl.europa.eu/meps/en/197516,https://howtheyvote.eu/votes/195775
256992,Hana JALLOUL MURO,Hana,JALLOUL MURO,Spain,ESP,,S&D,Progressive Alliance of Socialists and Democrats,SD,AGAINST,Voted to fight sexual abuse online,Voted against rejection,2026-07-09,hana.jalloulmuro@europarl.europa.eu,https://www.europarl.europa.eu/mepphoto/256992.jpg,https://www.europarl.europa.eu/meps/en/256992,https://howtheyvote.eu/votes/195775
189065,France JAMET,France,JAMET,France,FRA,,PfE,Patriots for Europe,PFE,FOR,Said no to action against child sexual abuse,Voted for rejection,2026-07-09,france.jamet@europarl.europa.eu,https://www.europarl.europa.eu/mepphoto/189065.jpg,https://www.europarl.europa.eu/meps/en/189065,https://howtheyvote.eu/votes/195775
197517,Adam JARUBAS,Adam,JARUBAS,Poland,POL,,EPP,European People's Party,EPP,DID_NOT_VOTE,Did not vote,Did not vote,2026-07-09,adam.jarubas@europarl.europa.eu,https://www.europarl.europa.eu/mepphoto/197517.jpg,https://www.europarl.europa.eu/meps/en/197517,https://howtheyvote.eu/votes/195775
112747,Romana JERKOVIĆ,Romana,JERKOVIĆ,Croatia,HRV,,S&D,Progressive Alliance of Socialists and Democrats,SD,FOR,Said no to action against child sexual abuse,Voted for rejection,2026-07-09,romana.jerkovic@europarl.europa.eu,https://www.europarl.europa.eu/mepphoto/112747.jpg,https://www.europarl.europa.eu/meps/en/112747,https://howtheyvote.eu/votes/195775
256942,Marc JONGEN,Marc,JONGEN,Germany,DEU,,ESN,Europe of Sovereign Nations,ESN,FOR,Said no to action against child sexual abuse,Voted for rejection,2026-07-09,marc.jongen@europarl.europa.eu,https://www.europarl.europa.eu/mepphoto/256942.jpg,https://www.europarl.europa.eu/meps/en/256942,https://howtheyvote.eu/votes/195775
257031,Dariusz JOŃSKI,Dariusz,JOŃSKI,Poland,POL,,EPP,European People's Party,EPP,AGAINST,Voted to fight sexual abuse online,Voted against rejection,2026-07-09,dariusz.jonski@europarl.europa.eu,https://www.europarl.europa.eu/mepphoto/257031.jpg,https://www.europarl.europa.eu/meps/en/257031,https://howtheyvote.eu/votes/195775
197627,Virginie JORON,Virginie,JORON,France,FRA,,PfE,Patriots for Europe,PFE,FOR,Said no to action against child sexual abuse,Voted for rejection,2026-07-09,virginie.joron@europarl.europa.eu,https://www.europarl.europa.eu/mepphoto/197627.jpg,https://www.europarl.europa.eu/meps/en/197627,https://howtheyvote.eu/votes/195775
256898,Pierre JOUVET,Pierre,JOUVET,France,FRA,,S&D,Progressive Alliance of Socialists and Democrats,SD,ABSTENTION,Abstained,Abstained,2026-07-09,pierre.jouvet@europarl.europa.eu,https://www.europarl.europa.eu/mepphoto/256898.jpg,https://www.europarl.europa.eu/meps/en/256898,https://howtheyvote.eu/votes/195775
197447,Irena JOVEVA,Irena,JOVEVA,Slovenia,SVN,,Renew,Renew Europe,RENEW,FOR,Said no to action against child sexual abuse,Voted for rejection,2026-07-09,irena.joveva@europarl.europa.eu,https://www.europarl.europa.eu/mepphoto/197447.jpg,https://www.europarl.europa.eu/meps/en/197447,https://howtheyvote.eu/votes/195775
197840,Rasa JUKNEVIČIENĖ,Rasa,JUKNEVIČIENĖ,Lithuania,LTU,,EPP,European People's Party,EPP,AGAINST,Voted to fight sexual abuse online,Voted against rejection,2026-07-09,rasa.jukneviciene@europarl.europa.eu,https://www.europarl.europa.eu/mepphoto/197840.jpg,https://www.europarl.europa.eu/meps/en/197840,https://howtheyvote.eu/votes/195775
257022,Nora JUNCO GARCÍA,Nora,JUNCO GARCÍA,Spain,ESP,,ECR,European Conservatives and Reformists,ECR,FOR,Said no to action against child sexual abuse,Voted for rejection,2026-07-09,nora.juncogarcia@europarl.europa.eu,https://www.europarl.europa.eu/mepphoto/257022.jpg,https://www.europarl.europa.eu/meps/en/257022,https://howtheyvote.eu/votes/195775
256941,Alexander JUNGBLUTH,Alexander,JUNGBLUTH,Germany,DEU,,ESN,Europe of Sovereign Nations,ESN,FOR,Said no to action against child sexual abuse,Voted for rejection,2026-07-09,alexander.jungbluth@europarl.europa.eu,https://www.europarl.europa.eu/mepphoto/256941.jpg,https://www.europarl.europa.eu/meps/en/256941,https://howtheyvote.eu/votes/195775
257256,Taner KABILOV,Taner,KABILOV,Bulgaria,BGR,,ECR,European Conservatives and Reformists,ECR,FOR,Said no to action against child sexual abuse,Voted for rejection,2026-07-09,taner.kabilov@europarl.europa.eu,https://www.europarl.europa.eu/mepphoto/257256.jpg,https://www.europarl.europa.eu/meps/en/257256,https://howtheyvote.eu/votes/195775
256908,François KALFON,François,KALFON,France,FRA,,S&D,Progressive Alliance of Socialists and Democrats,SD,DID_NOT_VOTE,Did not vote,Did not vote,2026-07-09,francois.kalfon@europarl.europa.eu,https://www.europarl.europa.eu/mepphoto/256908.jpg,https://www.europarl.europa.eu/meps/en/256908,https://howtheyvote.eu/votes/195775
257007,Erik KALIŇÁK,Erik,KALIŇÁK,Slovakia,SVK,,Non-attached,Non-attached Members,NI,FOR,Said no to action against child sexual abuse,Voted for rejection,2026-07-09,erik.kalinak@europarl.europa.eu,https://www.europarl.europa.eu/mepphoto/257007.jpg,https://www.europarl.europa.eu/meps/en/257007,https://howtheyvote.eu/votes/195775
197491,Marina KALJURAND,Marina,KALJURAND,Estonia,EST,,S&D,Progressive Alliance of Socialists and Democrats,SD,FOR,Said no to action against child sexual abuse,Voted for rejection,2026-07-09,marina.kaljurand@europarl.europa.eu,https://www.europarl.europa.eu/mepphoto/197491.jpg,https://www.europarl.europa.eu/meps/en/197491,https://howtheyvote.eu/votes/195775
96934,Sandra KALNIETE,Sandra,KALNIETE,Latvia,LVA,,EPP,European People's Party,EPP,AGAINST,Voted to fight sexual abuse online,Voted against rejection,2026-07-09,sandra.kalniete@europarl.europa.eu,https://www.europarl.europa.eu/mepphoto/96934.jpg,https://www.europarl.europa.eu/meps/en/96934,https://howtheyvote.eu/votes/195775
257056,Mariusz KAMIŃSKI,Mariusz,KAMIŃSKI,Poland,POL,,ECR,European Conservatives and Reformists,ECR,AGAINST,Voted to fight sexual abuse online,Voted against rejection,2026-07-09,mariusz.kaminski@europarl.europa.eu,https://www.europarl.europa.eu/mepphoto/257056.jpg,https://www.europarl.europa.eu/meps/en/257056,https://howtheyvote.eu/votes/195775
197839,Radan KANEV,Radan,KANEV,Bulgaria,BGR,,EPP,European People's Party,EPP,DID_NOT_VOTE,Did not vote,Did not vote,2026-07-09,radan.kanev@europarl.europa.eu,https://www.europarl.europa.eu/mepphoto/197839.jpg,https://www.europarl.europa.eu/meps/en/197839,https://howtheyvote.eu/votes/195775
197469,Assita KANKO,Assita,KANKO,Belgium,BEL,,ECR,European Conservatives and Reformists,ECR,AGAINST,Voted to fight sexual abuse online,Voted against rejection,2026-07-09,assita.kanko@europarl.europa.eu,https://www.europarl.europa.eu/mepphoto/197469.jpg,https://www.europarl.europa.eu/meps/en/197469,https://howtheyvote.eu/votes/195775
197401,Karin KARLSBRO,Karin,KARLSBRO,Sweden,SWE,,Renew,Renew Europe,RENEW,FOR,Said no to action against child sexual abuse,Voted for rejection,2026-07-09,karin.karlsbro@europarl.europa.eu,https://www.europarl.europa.eu/mepphoto/197401.jpg,https://www.europarl.europa.eu/meps/en/197401,https://howtheyvote.eu/votes/195775
256900,Fernand KARTHEISER,Fernand,KARTHEISER,Luxembourg,LUX,,Non-attached,Non-attached Members,NI,FOR,Said no to action against child sexual abuse,Voted for rejection,2026-07-09,fernand.kartheiser@europarl.europa.eu,https://www.europarl.europa.eu/mepphoto/256900.jpg,https://www.europarl.europa.eu/meps/en/256900,https://howtheyvote.eu/votes/195775
257013,Ľubica KARVAŠOVÁ,Ľubica,KARVAŠOVÁ,Slovakia,SVK,,Renew,Renew Europe,RENEW,FOR,Said no to action against child sexual abuse,Voted for rejection,2026-07-09,lubica.karvasova@europarl.europa.eu,https://www.europarl.europa.eu/mepphoto/257013.jpg,https://www.europarl.europa.eu/meps/en/257013,https://howtheyvote.eu/votes/195775
191693,Elsi KATAINEN,Elsi,KATAINEN,Finland,FIN,,Renew,Renew Europe,RENEW,AGAINST,Voted to fight sexual abuse online,Voted against rejection,2026-07-09,elsi.katainen@europarl.europa.eu,https://www.europarl.europa.eu/mepphoto/191693.jpg,https://www.europarl.europa.eu/meps/en/191693,https://howtheyvote.eu/votes/195775
278815,Ufuk KÂHYA,Ufuk,KÂHYA,Netherlands,NLD,,Greens/EFA,Greens/European Free Alliance,GREEN_EFA,FOR,Said no to action against child sexual abuse,Voted for rejection,2026-07-09,ufuk.kahya@europarl.europa.eu,https://www.europarl.europa.eu/mepphoto/278815.jpg,https://www.europarl.europa.eu/meps/en/278815,https://howtheyvote.eu/votes/195775
125068,Emmanouil KEFALOGIANNIS,Emmanouil,KEFALOGIANNIS,Greece,GRC,,EPP,European People's Party,EPP,AGAINST,Voted to fight sexual abuse online,Voted against rejection,2026-07-09,emmanouil.kefalogiannis@europarl.europa.eu,https://www.europarl.europa.eu/mepphoto/125068.jpg,https://www.europarl.europa.eu/meps/en/125068,https://howtheyvote.eu/votes/195775
197818,Billy KELLEHER,Billy,KELLEHER,Ireland,IRL,,Renew,Renew Europe,RENEW,AGAINST,Voted to fight sexual abuse online,Voted against rejection,2026-07-09,billy.kelleher@europarl.europa.eu,https://www.europarl.europa.eu/mepphoto/197818.jpg,https://www.europarl.europa.eu/meps/en/197818,https://howtheyvote.eu/votes/195775
22858,Fabienne KELLER,Fabienne,KELLER,France,FRA,,Renew,Renew Europe,RENEW,AGAINST,Voted to fight sexual abuse online,Voted against rejection,2026-07-09,fabienne.keller@europarl.europa.eu,https://www.europarl.europa.eu/mepphoto/22858.jpg,https://www.europarl.europa.eu/meps/en/22858,https://howtheyvote.eu/votes/195775
96668,Seán KELLY,Seán,KELLY,Ireland,IRL,,EPP,European People's Party,EPP,AGAINST,Voted to fight sexual abuse online,Voted against rejection,2026-07-09,sean.kelly@europarl.europa.eu,https://www.europarl.europa.eu/mepphoto/96668.jpg,https://www.europarl.europa.eu/meps/en/96668,https://howtheyvote.eu/votes/195775
249603,Martine KEMP,Martine,KEMP,Luxembourg,LUX,,EPP,European People's Party,EPP,AGAINST,Voted to fight sexual abuse online,Voted against rejection,2026-07-09,martine.kemp@europarl.europa.eu,https://www.europarl.europa.eu/mepphoto/249603.jpg,https://www.europarl.europa.eu/meps/en/249603,https://howtheyvote.eu/votes/195775
256890,Rudi KENNES,Rudi,KENNES,Belgium,BEL,,The Left,The Left in the European Parliament,GUE_NGL,FOR,Said no to action against child sexual abuse,Voted for rejection,2026-07-09,rudi.kennes@europarl.europa.eu,https://www.europarl.europa.eu/mepphoto/256890.jpg,https://www.europarl.europa.eu/meps/en/256890,https://howtheyvote.eu/votes/195775
256957,Mary KHAN,Mary,KHAN,Germany,DEU,,ESN,Europe of Sovereign Nations,ESN,FOR,Said no to action against child sexual abuse,Voted for rejection,2026-07-09,mary.khan@europarl.europa.eu,https://www.europarl.europa.eu/mepphoto/256957.jpg,https://www.europarl.europa.eu/meps/en/256957,https://howtheyvote.eu/votes/195775
256831,Sophia KIRCHER,Sophia,KIRCHER,Austria,AUT,,EPP,European People's Party,EPP,AGAINST,Voted to fight sexual abuse online,Voted against rejection,2026-07-09,sophia.kircher@europarl.europa.eu,https://www.europarl.europa.eu/mepphoto/256831.jpg,https://www.europarl.europa.eu/meps/en/256831,https://howtheyvote.eu/votes/195775
256924,Sarah KNAFO,Sarah,KNAFO,France,FRA,,ESN,Europe of Sovereign Nations,ESN,FOR,Said no to action against child sexual abuse,Voted for rejection,2026-07-09,sarah.knafo@europarl.europa.eu,https://www.europarl.europa.eu/mepphoto/256924.jpg,https://www.europarl.europa.eu/meps/en/256924,https://howtheyvote.eu/votes/195775
270261,Jaroslav KNOT,Jaroslav,KNOT,Czechia,CZE,,PfE,Patriots for Europe,PFE,FOR,Said no to action against child sexual abuse,Voted for rejection,2026-07-09,jaroslav.knot@europarl.europa.eu,https://www.europarl.europa.eu/mepphoto/270261.jpg,https://www.europarl.europa.eu/meps/en/270261,https://howtheyvote.eu/votes/195775
197528,Ondřej KNOTEK,Ondřej,KNOTEK,Czechia,CZE,,PfE,Patriots for Europe,PFE,FOR,Said no to action against child sexual abuse,Voted for rejection,2026-07-09,ondrej.knotek@europarl.europa.eu,https://www.europarl.europa.eu/mepphoto/197528.jpg,https://www.europarl.europa.eu/meps/en/197528,https://howtheyvote.eu/votes/195775
257037,Michał KOBOSKO,Michał,KOBOSKO,Poland,POL,,Renew,Renew Europe,RENEW,DID_NOT_VOTE,Did not vote,Did not vote,2026-07-09,michal.kobosko@europarl.europa.eu,https://www.europarl.europa.eu/mepphoto/257037.jpg,https://www.europarl.europa.eu/meps/en/257037,https://howtheyvote.eu/votes/195775
197523,Łukasz KOHUT,Łukasz,KOHUT,Poland,POL,,EPP,European People's Party,EPP,AGAINST,Voted to fight sexual abuse online,Voted against rejection,2026-07-09,lukasz.kohut@europarl.europa.eu,https://www.europarl.europa.eu/mepphoto/197523.jpg,https://www.europarl.europa.eu/meps/en/197523,https://howtheyvote.eu/votes/195775
197406,Arba KOKALARI,Arba,KOKALARI,Sweden,SWE,,EPP,European People's Party,EPP,AGAINST,Voted to fight sexual abuse online,Voted against rejection,2026-07-09,arba.kokalari@europarl.europa.eu,https://www.europarl.europa.eu/mepphoto/197406.jpg,https://www.europarl.europa.eu/meps/en/197406,https://howtheyvote.eu/votes/195775
256846,Ondřej KOLÁŘ,Ondřej,KOLÁŘ,Czechia,CZE,,EPP,European People's Party,EPP,AGAINST,Voted to fight sexual abuse online,Voted against rejection,2026-07-09,ondrej.kolar@europarl.europa.eu,https://www.europarl.europa.eu/mepphoto/256846.jpg,https://www.europarl.europa.eu/meps/en/256846,https://howtheyvote.eu/votes/195775
256861,Kinga KOLLÁR,Kinga,KOLLÁR,Hungary,HUN,,EPP,European People's Party,EPP,AGAINST,Voted to fight sexual abuse online,Voted against rejection,2026-07-09,kinga.kollar@europarl.europa.eu,https://www.europarl.europa.eu/mepphoto/256861.jpg,https://www.europarl.europa.eu/meps/en/256861,https://howtheyvote.eu/votes/195775
220871,Rihards KOLS,Rihards,KOLS,Latvia,LVA,,ECR,European Conservatives and Reformists,ECR,AGAINST,Voted to fight sexual abuse online,Voted against rejection,2026-07-09,rihards.kols@europarl.europa.eu,https://www.europarl.europa.eu/mepphoto/220871.jpg,https://www.europarl.europa.eu/meps/en/220871,https://howtheyvote.eu/votes/195775
23699,Kateřina KONEČNÁ,Kateřina,KONEČNÁ,Czechia,CZE,,Non-attached,Non-attached Members,NI,FOR,Said no to action against child sexual abuse,Voted for rejection,2026-07-09,katerina.konecna@europarl.europa.eu,https://www.europarl.europa.eu/mepphoto/23699.jpg,https://www.europarl.europa.eu/meps/en/23699,https://howtheyvote.eu/votes/195775
276060,Willemien KONING,Willemien,KONING,Netherlands,NLD,,EPP,European People's Party,EPP,AGAINST,Voted to fight sexual abuse online,Voted against rejection,2026-07-09,willemien.koning@europarl.europa.eu,https://www.europarl.europa.eu/mepphoto/276060.jpg,https://www.europarl.europa.eu/meps/en/276060,https://howtheyvote.eu/votes/195775
197525,Ewa KOPACZ,Ewa,KOPACZ,Poland,POL,,EPP,European People's Party,EPP,AGAINST,Voted to fight sexual abuse online,Voted against rejection,2026-07-09,ewabozena.kopacz@europarl.europa.eu,https://www.europarl.europa.eu/mepphoto/197525.jpg,https://www.europarl.europa.eu/meps/en/197525,https://howtheyvote.eu/votes/195775
197699,Elena KOUNTOURA,Elena,KOUNTOURA,Greece,GRC,,The Left,The Left in the European Parliament,GUE_NGL,DID_NOT_VOTE,Did not vote,Did not vote,2026-07-09,elena.kountoura@europarl.europa.eu,https://www.europarl.europa.eu/mepphoto/197699.jpg,https://www.europarl.europa.eu/meps/en/197699,https://howtheyvote.eu/votes/195775
97968,Andrey KOVATCHEV,Andrey,KOVATCHEV,Bulgaria,BGR,,EPP,European People's Party,EPP,AGAINST,Voted to fight sexual abuse online,Voted against rejection,2026-07-09,andrey.kovatchev@europarl.europa.eu,https://www.europarl.europa.eu/mepphoto/97968.jpg,https://www.europarl.europa.eu/meps/en/97968,https://howtheyvote.eu/votes/195775
256973,Stefan KÖHLER,Stefan,KÖHLER,Germany,DEU,,EPP,European People's Party,EPP,AGAINST,Voted to fight sexual abuse online,Voted against rejection,2026-07-09,stefan.koehler@europarl.europa.eu,https://www.europarl.europa.eu/mepphoto/256973.jpg,https://www.europarl.europa.eu/meps/en/256973,https://howtheyvote.eu/votes/195775
197445,Moritz KÖRNER,Moritz,KÖRNER,Germany,DEU,,Renew,Renew Europe,RENEW,FOR,Said no to action against child sexual abuse,Voted for rejection,2026-07-09,moritz.koerner@europarl.europa.eu,https://www.europarl.europa.eu/mepphoto/197445.jpg,https://www.europarl.europa.eu/meps/en/197445,https://howtheyvote.eu/votes/195775
256909,Vilis KRIŠTOPANS,Vilis,KRIŠTOPANS,Latvia,LVA,,PfE,Patriots for Europe,PFE,FOR,Said no to action against child sexual abuse,Voted for rejection,2026-07-09,vilis.kristopans@europarl.europa.eu,https://www.europarl.europa.eu/mepphoto/256909.jpg,https://www.europarl.europa.eu/meps/en/256909,https://howtheyvote.eu/votes/195775
256996,Sebastian KRUIS,Sebastian,KRUIS,Netherlands,NLD,,PfE,Patriots for Europe,PFE,FOR,Said no to action against child sexual abuse,Voted for rejection,2026-07-09,sebastian.kruis@europarl.europa.eu,https://www.europarl.europa.eu/mepphoto/256996.jpg,https://www.europarl.europa.eu/meps/en/256996,https://howtheyvote.eu/votes/195775
256845,Ondřej KRUTÍLEK,Ondřej,KRUTÍLEK,Czechia,CZE,,ECR,European Conservatives and Reformists,ECR,FOR,Said no to action against child sexual abuse,Voted for rejection,2026-07-09,ondrej.krutilek@europarl.europa.eu,https://www.europarl.europa.eu/mepphoto/256845.jpg,https://www.europarl.europa.eu/meps/en/256845,https://howtheyvote.eu/votes/195775
261038,Tomáš KUBÍN,Tomáš,KUBÍN,Czechia,CZE,,PfE,Patriots for Europe,PFE,DID_NOT_VOTE,Did not vote,Did not vote,2026-07-09,tomas.kubin@europarl.europa.eu,https://www.europarl.europa.eu/mepphoto/261038.jpg,https://www.europarl.europa.eu/meps/en/261038,https://howtheyvote.eu/votes/195775
197395,Alice KUHNKE,Alice,KUHNKE,Sweden,SWE,,Greens/EFA,Greens/European Free Alliance,GREEN_EFA,ABSTENTION,Abstained,Abstained,2026-07-09,alice.kuhnke@europarl.europa.eu,https://www.europarl.europa.eu/mepphoto/197395.jpg,https://www.europarl.europa.eu/meps/en/197395,https://howtheyvote.eu/votes/195775
256864,András Tivadar KULJA,András Tivadar,KULJA,Hungary,HUN,,EPP,European People's Party,EPP,AGAINST,Voted to fight sexual abuse online,Voted against rejection,2026-07-09,andras.kulja@europarl.europa.eu,https://www.europarl.europa.eu/mepphoto/256864.jpg,https://www.europarl.europa.eu/meps/en/256864,https://howtheyvote.eu/votes/195775
198084,Katri KULMUNI,Katri,KULMUNI,Finland,FIN,,Renew,Renew Europe,RENEW,AGAINST,Voted to fight sexual abuse online,Voted against rejection,2026-07-09,katri.kulmuni@europarl.europa.eu,https://www.europarl.europa.eu/mepphoto/198084.jpg,https://www.europarl.europa.eu/meps/en/198084,https://howtheyvote.eu/votes/195775
124736,Merja KYLLÖNEN,Merja,KYLLÖNEN,Finland,FIN,,The Left,The Left in the European Parliament,GUE_NGL,FOR,Said no to action against child sexual abuse,Voted for rejection,2026-07-09,merja.kyllonen@europarl.europa.eu,https://www.europarl.europa.eu/mepphoto/124736.jpg,https://www.europarl.europa.eu/meps/en/124736,https://howtheyvote.eu/votes/195775
124866,Ilhan KYUCHYUK,Ilhan,KYUCHYUK,Bulgaria,BGR,,Renew,Renew Europe,RENEW,FOR,Said no to action against child sexual abuse,Voted for rejection,2026-07-09,ilhan.kyuchyuk@europarl.europa.eu,https://www.europarl.europa.eu/mepphoto/124866.jpg,https://www.europarl.europa.eu/meps/en/124866,https://howtheyvote.eu/votes/195775
197460,Sergey LAGODINSKY,Sergey,LAGODINSKY,Germany,DEU,,Greens/EFA,Greens/European Free Alliance,GREEN_EFA,FOR,Said no to action against child sexual abuse,Voted for rejection,2026-07-09,sergey.lagodinsky@europarl.europa.eu,https://www.europarl.europa.eu/mepphoto/197460.jpg,https://www.europarl.europa.eu/meps/en/197460,https://howtheyvote.eu/votes/195775
256865,Eszter LAKOS,Eszter,LAKOS,Hungary,HUN,,EPP,European People's Party,EPP,AGAINST,Voted to fight sexual abuse online,Voted against rejection,2026-07-09,eszter.lakos@europarl.europa.eu,https://www.europarl.europa.eu/mepphoto/256865.jpg,https://www.europarl.europa.eu/meps/en/256865,https://howtheyvote.eu/votes/195775
197697,Aurore LALUCQ,Aurore,LALUCQ,France,FRA,,S&D,Progressive Alliance of Socialists and Democrats,SD,DID_NOT_VOTE,Did not vote,Did not vote,2026-07-09,aurore.lalucq@europarl.europa.eu,https://www.europarl.europa.eu/mepphoto/197697.jpg,https://www.europarl.europa.eu/meps/en/197697,https://howtheyvote.eu/votes/195775
1909,Bernd LANGE,Bernd,LANGE,Germany,DEU,,S&D,Progressive Alliance of Socialists and Democrats,SD,AGAINST,Voted to fight sexual abuse online,Voted against rejection,2026-07-09,bernd.lange@europarl.europa.eu,https://www.europarl.europa.eu/mepphoto/1909.jpg,https://www.europarl.europa.eu/meps/en/1909,https://howtheyvote.eu/votes/195775
197461,Katrin LANGENSIEPEN,Katrin,LANGENSIEPEN,Germany,DEU,,Greens/EFA,Greens/European Free Alliance,GREEN_EFA,FOR,Said no to action against child sexual abuse,Voted for rejection,2026-07-09,katrin.langensiepen@europarl.europa.eu,https://www.europarl.europa.eu/mepphoto/197461.jpg,https://www.europarl.europa.eu/meps/en/197461,https://howtheyvote.eu/votes/195775
277057,Marie-Sophie LANIG,Marie-Sophie,LANIG,Germany,DEU,,EPP,European People's Party,EPP,AGAINST,Voted to fight sexual abuse online,Voted against rejection,2026-07-09,marie-sophie.lanig@europarl.europa.eu,https://www.europarl.europa.eu/mepphoto/277057.jpg,https://www.europarl.europa.eu/meps/en/277057,https://howtheyvote.eu/votes/195775
198373,Judita LAŠŠÁKOVÁ,Judita,LAŠŠÁKOVÁ,Slovakia,SVK,,Non-attached,Non-attached Members,NI,FOR,Said no to action against child sexual abuse,Voted for rejection,2026-07-09,judita.lassakova@europarl.europa.eu,https://www.europarl.europa.eu/mepphoto/198373.jpg,https://www.europarl.europa.eu/meps/en/198373,https://howtheyvote.eu/votes/195775
256954,Afroditi LATINOPOULOU,Afroditi,LATINOPOULOU,Greece,GRC,,PfE,Patriots for Europe,PFE,AGAINST,Voted to fight sexual abuse online,Voted against rejection,2026-07-09,afroditi.latinopoulou@europarl.europa.eu,https://www.europarl.europa.eu/mepphoto/256954.jpg,https://www.europarl.europa.eu/meps/en/256954,https://howtheyvote.eu/votes/195775
256899,Murielle LAURENT,Murielle,LAURENT,France,FRA,,S&D,Progressive Alliance of Socialists and Democrats,SD,ABSTENTION,Abstained,Abstained,2026-07-09,murielle.laurent@europarl.europa.eu,https://www.europarl.europa.eu/mepphoto/256899.jpg,https://www.europarl.europa.eu/meps/en/256899,https://howtheyvote.eu/votes/195775
230085,Camilla LAURETI,Camilla,LAURETI,Italy,ITA,,S&D,Progressive Alliance of Socialists and Democrats,SD,DID_NOT_VOTE,Did not vote,Did not vote,2026-07-09,camilla.laureti@europarl.europa.eu,https://www.europarl.europa.eu/mepphoto/230085.jpg,https://www.europarl.europa.eu/meps/en/230085,https://howtheyvote.eu/votes/195775
257262,Rada LAYKOVA,Rada,LAYKOVA,Bulgaria,BGR,,ESN,Europe of Sovereign Nations,ESN,FOR,Said no to action against child sexual abuse,Voted for rejection,2026-07-09,rada.laykova@europarl.europa.eu,https://www.europarl.europa.eu/mepphoto/257262.jpg,https://www.europarl.europa.eu/meps/en/257262,https://howtheyvote.eu/votes/195775
257261,Ilia LAZAROV,Ilia,LAZAROV,Bulgaria,BGR,,EPP,European People's Party,EPP,AGAINST,Voted to fight sexual abuse online,Voted against rejection,2026-07-09,ilia.lazarov@europarl.europa.eu,https://www.europarl.europa.eu/mepphoto/257261.jpg,https://www.europarl.europa.eu/meps/en/257261,https://howtheyvote.eu/votes/195775
257118,Luis-Vicențiu LAZARUS,Luis-Vicențiu,LAZARUS,Romania,ROU,,Non-attached,Non-attached Members,NI,FOR,Said no to action against child sexual abuse,Voted for rejection,2026-07-09,luis.lazarus@europarl.europa.eu,https://www.europarl.europa.eu/mepphoto/257118.jpg,https://www.europarl.europa.eu/meps/en/257118,https://howtheyvote.eu/votes/195775
256860,András LÁSZLÓ,András,LÁSZLÓ,Hungary,HUN,,PfE,Patriots for Europe,PFE,AGAINST,Voted to fight sexual abuse online,Voted against rejection,2026-07-09,andras.laszlo@europarl.europa.eu,https://www.europarl.europa.eu/mepphoto/256860.jpg,https://www.europarl.europa.eu/meps/en/256860,https://howtheyvote.eu/votes/195775
256920,Isabelle LE CALLENNEC,Isabelle,LE CALLENNEC,France,FRA,,EPP,European People's Party,EPP,AGAINST,Voted to fight sexual abuse online,Voted against rejection,2026-07-09,isabelle.lecallennec@europarl.europa.eu,https://www.europarl.europa.eu/mepphoto/256920.jpg,https://www.europarl.europa.eu/meps/en/256920,https://howtheyvote.eu/votes/195775
256872,Fabrice LEGGERI,Fabrice,LEGGERI,France,FRA,,PfE,Patriots for Europe,PFE,FOR,Said no to action against child sexual abuse,Voted for rejection,2026-07-09,fabrice.leggeri@europarl.europa.eu,https://www.europarl.europa.eu/mepphoto/256872.jpg,https://www.europarl.europa.eu/meps/en/256872,https://howtheyvote.eu/votes/195775
95074,Jeroen LENAERS,Jeroen,LENAERS,Netherlands,NLD,,EPP,European People's Party,EPP,AGAINST,Voted to fight sexual abuse online,Voted against rejection,2026-07-09,jeroen.lenaers@europarl.europa.eu,https://www.europarl.europa.eu/mepphoto/95074.jpg,https://www.europarl.europa.eu/meps/en/95074,https://howtheyvote.eu/votes/195775
256895,Julien LEONARDELLI,Julien,LEONARDELLI,France,FRA,,PfE,Patriots for Europe,PFE,FOR,Said no to action against child sexual abuse,Voted for rejection,2026-07-09,julien.leonardelli@europarl.europa.eu,https://www.europarl.europa.eu/mepphoto/256895.jpg,https://www.europarl.europa.eu/meps/en/256895,https://howtheyvote.eu/votes/195775
23781,Janusz LEWANDOWSKI,Janusz,LEWANDOWSKI,Poland,POL,,EPP,European People's Party,EPP,AGAINST,Voted to fight sexual abuse online,Voted against rejection,2026-07-09,janusz.lewandowski@europarl.europa.eu,https://www.europarl.europa.eu/mepphoto/23781.jpg,https://www.europarl.europa.eu/meps/en/23781,https://howtheyvote.eu/votes/195775
204336,Miriam LEXMANN,Miriam,LEXMANN,Slovakia,SVK,,EPP,European People's Party,EPP,AGAINST,Voted to fight sexual abuse online,Voted against rejection,2026-07-09,miriam.lexmann@europarl.europa.eu,https://www.europarl.europa.eu/mepphoto/204336.jpg,https://www.europarl.europa.eu/meps/en/204336,https://howtheyvote.eu/votes/195775
1927,Peter LIESE,Peter,LIESE,Germany,DEU,,EPP,European People's Party,EPP,AGAINST,Voted to fight sexual abuse online,Voted against rejection,2026-07-09,peter.liese@europarl.europa.eu,https://www.europarl.europa.eu/mepphoto/1927.jpg,https://www.europarl.europa.eu/meps/en/1927,https://howtheyvote.eu/votes/195775
124808,Norbert LINS,Norbert,LINS,Germany,DEU,,EPP,European People's Party,EPP,AGAINST,Voted to fight sexual abuse online,Voted against rejection,2026-07-09,norbert.lins@europarl.europa.eu,https://www.europarl.europa.eu/mepphoto/124808.jpg,https://www.europarl.europa.eu/meps/en/124808,https://howtheyvote.eu/votes/195775
197494,Nathalie LOISEAU,Nathalie,LOISEAU,France,FRA,,Renew,Renew Europe,RENEW,AGAINST,Voted to fight sexual abuse online,Voted against rejection,2026-07-09,nathalie.loiseau@europarl.europa.eu,https://www.europarl.europa.eu/mepphoto/197494.jpg,https://www.europarl.europa.eu/meps/en/197494,https://howtheyvote.eu/votes/195775
220896,Reinhold LOPATKA,Reinhold,LOPATKA,Austria,AUT,,EPP,European People's Party,EPP,AGAINST,Voted to fight sexual abuse online,Voted against rejection,2026-07-09,reinhold.lopatka@europarl.europa.eu,https://www.europarl.europa.eu/mepphoto/220896.jpg,https://www.europarl.europa.eu/meps/en/220896,https://howtheyvote.eu/votes/195775
125042,Javi LÓPEZ,Javi,LÓPEZ,Spain,ESP,,S&D,Progressive Alliance of Socialists and Democrats,SD,AGAINST,Voted to fight sexual abuse online,Voted against rejection,2026-07-09,javi.lopez@europarl.europa.eu,https://www.europarl.europa.eu/mepphoto/125042.jpg,https://www.europarl.europa.eu/meps/en/125042,https://howtheyvote.eu/votes/195775
96812,Juan Fernando LÓPEZ AGUILAR,Juan Fernando,LÓPEZ AGUILAR,Spain,ESP,,S&D,Progressive Alliance of Socialists and Democrats,SD,AGAINST,Voted to fight sexual abuse online,Voted against rejection,2026-07-09,juanfernando.lopezaguilar@europarl.europa.eu,https://www.europarl.europa.eu/mepphoto/96812.jpg,https://www.europarl.europa.eu/meps/en/96812,https://howtheyvote.eu/votes/195775
28399,Antonio LÓPEZ-ISTÚRIZ WHITE,Antonio,LÓPEZ-ISTÚRIZ WHITE,Spain,ESP,,EPP,European People's Party,EPP,AGAINST,Voted to fight sexual abuse online,Voted against rejection,2026-07-09,antonio.lopezisturiz@europarl.europa.eu,https://www.europarl.europa.eu/mepphoto/28399.jpg,https://www.europarl.europa.eu/meps/en/28399,https://howtheyvote.eu/votes/195775
96675,Isabella LÖVIN,Isabella,LÖVIN,Sweden,SWE,,Greens/EFA,Greens/European Free Alliance,GREEN_EFA,ABSTENTION,Abstained,Abstained,2026-07-09,isabella.lovin@europarl.europa.eu,https://www.europarl.europa.eu/mepphoto/96675.jpg,https://www.europarl.europa.eu/meps/en/96675,https://howtheyvote.eu/votes/195775
257129,Mimmo LUCANO,Mimmo,LUCANO,Italy,ITA,,The Left,The Left in the European Parliament,GUE_NGL,DID_NOT_VOTE,Did not vote,Did not vote,2026-07-09,domenico.lucano@europarl.europa.eu,https://www.europarl.europa.eu/mepphoto/257129.jpg,https://www.europarl.europa.eu/meps/en/257129,https://howtheyvote.eu/votes/195775
197721,César LUENA,César,LUENA,Spain,ESP,,S&D,Progressive Alliance of Socialists and Democrats,SD,AGAINST,Voted to fight sexual abuse online,Voted against rejection,2026-07-09,cesar.luena@europarl.europa.eu,https://www.europarl.europa.eu/mepphoto/197721.jpg,https://www.europarl.europa.eu/meps/en/197721,https://howtheyvote.eu/votes/195775
257124,Giuseppe LUPO,Giuseppe,LUPO,Italy,ITA,,S&D,Progressive Alliance of Socialists and Democrats,SD,DID_NOT_VOTE,Did not vote,Did not vote,2026-07-09,giuseppe.lupo@europarl.europa.eu,https://www.europarl.europa.eu/mepphoto/257124.jpg,https://www.europarl.europa.eu/meps/en/257124,https://howtheyvote.eu/votes/195775
96709,Morten LØKKEGAARD,Morten,LØKKEGAARD,Denmark,DNK,,Renew,Renew Europe,RENEW,FOR,Said no to action against child sexual abuse,Voted for rejection,2026-07-09,morten.lokkegaard@europarl.europa.eu,https://www.europarl.europa.eu/mepphoto/96709.jpg,https://www.europarl.europa.eu/meps/en/96709,https://howtheyvote.eu/votes/195775
197493,Jaak MADISON,Jaak,MADISON,Estonia,EST,,ECR,European Conservatives and Reformists,ECR,DID_NOT_VOTE,Did not vote,Did not vote,2026-07-09,jaak.madison@europarl.europa.eu,https://www.europarl.europa.eu/mepphoto/197493.jpg,https://www.europarl.europa.eu/meps/en/197493,https://howtheyvote.eu/votes/195775
197719,Cristina MAESTRE,Cristina,MAESTRE,Spain,ESP,,S&D,Progressive Alliance of Socialists and Democrats,SD,AGAINST,Voted to fight sexual abuse online,Voted against rejection,2026-07-09,cristina.maestre@europarl.europa.eu,https://www.europarl.europa.eu/mepphoto/197719.jpg,https://www.europarl.europa.eu/meps/en/197719,https://howtheyvote.eu/votes/195775
257149,Lara MAGONI,Lara,MAGONI,Italy,ITA,,ECR,European Conservatives and Reformists,ECR,FOR,Said no to action against child sexual abuse,Voted for rejection,2026-07-09,lara.magoni@europarl.europa.eu,https://www.europarl.europa.eu/mepphoto/257149.jpg,https://www.europarl.europa.eu/meps/en/257149,https://howtheyvote.eu/votes/195775
91636,Marit MAIJ,Marit,MAIJ,Netherlands,NLD,,S&D,Progressive Alliance of Socialists and Democrats,SD,FOR,Said no to action against child sexual abuse,Voted for rejection,2026-07-09,marit.maij@europarl.europa.eu,https://www.europarl.europa.eu/mepphoto/91636.jpg,https://www.europarl.europa.eu/meps/en/91636,https://howtheyvote.eu/votes/195775
257077,Marlena MALĄG,Marlena,MALĄG,Poland,POL,,ECR,European Conservatives and Reformists,ECR,FOR,Said no to action against child sexual abuse,Voted for rejection,2026-07-09,marlena.malag@europarl.europa.eu,https://www.europarl.europa.eu/mepphoto/257077.jpg,https://www.europarl.europa.eu/meps/en/257077,https://howtheyvote.eu/votes/195775
197653,Claudiu MANDA,Claudiu,MANDA,Romania,ROU,,S&D,Progressive Alliance of Socialists and Democrats,SD,DID_NOT_VOTE,Did not vote,Did not vote,2026-07-09,iulian-claudiu.manda@europarl.europa.eu,https://www.europarl.europa.eu/mepphoto/197653.jpg,https://www.europarl.europa.eu/meps/en/197653,https://howtheyvote.eu/votes/195775
190713,Lukas MANDL,Lukas,MANDL,Austria,AUT,,EPP,European People's Party,EPP,AGAINST,Voted to fight sexual abuse online,Voted against rejection,2026-07-09,lukas.mandl@europarl.europa.eu,https://www.europarl.europa.eu/mepphoto/190713.jpg,https://www.europarl.europa.eu/meps/en/190713,https://howtheyvote.eu/votes/195775
256824,Yannis MANIATIS,Yannis,MANIATIS,Greece,GRC,,S&D,Progressive Alliance of Socialists and Democrats,SD,DID_NOT_VOTE,Did not vote,Did not vote,2026-07-09,ioannis.maniatis@europarl.europa.eu,https://www.europarl.europa.eu/mepphoto/256824.jpg,https://www.europarl.europa.eu/meps/en/256824,https://howtheyvote.eu/votes/195775
4395,Mario MANTOVANI,Mario,MANTOVANI,Italy,ITA,,ECR,European Conservatives and Reformists,ECR,DID_NOT_VOTE,Did not vote,Did not vote,2026-07-09,mario.mantovani@europarl.europa.eu,https://www.europarl.europa.eu/mepphoto/4395.jpg,https://www.europarl.europa.eu/meps/en/4395,https://howtheyvote.eu/votes/195775
257727,Pierfrancesco MARAN,Pierfrancesco,MARAN,Italy,ITA,,S&D,Progressive Alliance of Socialists and Democrats,SD,DID_NOT_VOTE,Did not vote,Did not vote,2026-07-09,pierfrancesco.maran@europarl.europa.eu,https://www.europarl.europa.eu/mepphoto/257727.jpg,https://www.europarl.europa.eu/meps/en/257727,https://howtheyvote.eu/votes/195775
257082,Jagna MARCZUŁAJTIS-WALCZAK,Jagna,MARCZUŁAJTIS-WALCZAK,Poland,POL,,EPP,European People's Party,EPP,AGAINST,Voted to fight sexual abuse online,Voted against rejection,2026-07-09,jagna.marczulajtis-walczak@europarl.europa.eu,https://www.europarl.europa.eu/mepphoto/257082.jpg,https://www.europarl.europa.eu/meps/en/257082,https://howtheyvote.eu/votes/195775
256922,Marion MARÉCHAL,Marion,MARÉCHAL,France,FRA,,ECR,European Conservatives and Reformists,ECR,FOR,Said no to action against child sexual abuse,Voted for rejection,2026-07-09,marion.marechal@europarl.europa.eu,https://www.europarl.europa.eu/mepphoto/256922.jpg,https://www.europarl.europa.eu/meps/en/256922,https://howtheyvote.eu/votes/195775
197623,Thierry MARIANI,Thierry,MARIANI,France,FRA,,PfE,Patriots for Europe,PFE,FOR,Said no to action against child sexual abuse,Voted for rejection,2026-07-09,thierry.mariani@europarl.europa.eu,https://www.europarl.europa.eu/mepphoto/197623.jpg,https://www.europarl.europa.eu/meps/en/197623,https://howtheyvote.eu/votes/195775
257132,Ignazio Roberto MARINO,Ignazio Roberto,MARINO,Italy,ITA,,Greens/EFA,Greens/European Free Alliance,GREEN_EFA,DID_NOT_VOTE,Did not vote,Did not vote,2026-07-09,ignazio.marino@europarl.europa.eu,https://www.europarl.europa.eu/mepphoto/257132.jpg,https://www.europarl.europa.eu/meps/en/257132,https://howtheyvote.eu/votes/195775
197462,Erik MARQUARDT,Erik,MARQUARDT,Germany,DEU,,Greens/EFA,Greens/European Free Alliance,GREEN_EFA,FOR,Said no to action against child sexual abuse,Voted for rejection,2026-07-09,erik.marquardt@europarl.europa.eu,https://www.europarl.europa.eu/mepphoto/197462.jpg,https://www.europarl.europa.eu/meps/en/197462,https://howtheyvote.eu/votes/195775
257063,Catarina MARTINS,Catarina,MARTINS,Portugal,PRT,,The Left,The Left in the European Parliament,GUE_NGL,FOR,Said no to action against child sexual abuse,Voted for rejection,2026-07-09,catarina.martins@europarl.europa.eu,https://www.europarl.europa.eu/mepphoto/257063.jpg,https://www.europarl.europa.eu/meps/en/257063,https://howtheyvote.eu/votes/195775
257029,Jorge MARTÍN FRÍAS,Jorge,MARTÍN FRÍAS,Spain,ESP,,PfE,Patriots for Europe,PFE,FOR,Said no to action against child sexual abuse,Voted for rejection,2026-07-09,jorge.martinfrias@europarl.europa.eu,https://www.europarl.europa.eu/mepphoto/257029.jpg,https://www.europarl.europa.eu/meps/en/257029,https://howtheyvote.eu/votes/195775
124828,Fulvio MARTUSCIELLO,Fulvio,MARTUSCIELLO,Italy,ITA,,EPP,European People's Party,EPP,AGAINST,Voted to fight sexual abuse online,Voted against rejection,2026-07-09,fulvio.martusciello@europarl.europa.eu,https://www.europarl.europa.eu/mepphoto/124828.jpg,https://www.europarl.europa.eu/meps/en/124828,https://howtheyvote.eu/votes/195775
257016,Vicent MARZÀ IBÁÑEZ,Vicent,MARZÀ IBÁÑEZ,Spain,ESP,,Greens/EFA,Greens/European Free Alliance,GREEN_EFA,FOR,Said no to action against child sexual abuse,Voted for rejection,2026-07-09,vicent.marzaibanez@europarl.europa.eu,https://www.europarl.europa.eu/mepphoto/257016.jpg,https://www.europarl.europa.eu/meps/en/257016,https://howtheyvote.eu/votes/195775
96936,Gabriel MATO,Gabriel,MATO,Spain,ESP,,EPP,European People's Party,EPP,AGAINST,Voted to fight sexual abuse online,Voted against rejection,2026-07-09,gabriel.mato@europarl.europa.eu,https://www.europarl.europa.eu/mepphoto/96936.jpg,https://www.europarl.europa.eu/meps/en/96936,https://howtheyvote.eu/votes/195775
208722,Sara MATTHIEU,Sara,MATTHIEU,Belgium,BEL,,Greens/EFA,Greens/European Free Alliance,GREEN_EFA,FOR,Said no to action against child sexual abuse,Voted for rejection,2026-07-09,sara.matthieu@europarl.europa.eu,https://www.europarl.europa.eu/mepphoto/208722.jpg,https://www.europarl.europa.eu/meps/en/208722,https://howtheyvote.eu/votes/195775
124691,Costas MAVRIDES,Costas,MAVRIDES,Cyprus,CYP,,S&D,Progressive Alliance of Socialists and Democrats,SD,DID_NOT_VOTE,Did not vote,Did not vote,2026-07-09,costas.mavrides@europarl.europa.eu,https://www.europarl.europa.eu/mepphoto/124691.jpg,https://www.europarl.europa.eu/meps/en/124691,https://howtheyvote.eu/votes/195775
98341,Eva MAYDELL,Eva,MAYDELL,Bulgaria,BGR,,EPP,European People's Party,EPP,DID_NOT_VOTE,Did not vote,Did not vote,2026-07-09,eva.maydell@europarl.europa.eu,https://www.europarl.europa.eu/mepphoto/98341.jpg,https://www.europarl.europa.eu/meps/en/98341,https://howtheyvote.eu/votes/195775
38511,Georg MAYER,Georg,MAYER,Austria,AUT,,PfE,Patriots for Europe,PFE,FOR,Said no to action against child sexual abuse,Voted for rejection,2026-07-09,georg.mayer@europarl.europa.eu,https://www.europarl.europa.eu/mepphoto/38511.jpg,https://www.europarl.europa.eu/meps/en/38511,https://howtheyvote.eu/votes/195775
249982,Milan MAZUREK,Milan,MAZUREK,Slovakia,SVK,,ESN,Europe of Sovereign Nations,ESN,FOR,Said no to action against child sexual abuse,Voted for rejection,2026-07-09,milan.mazurek@europarl.europa.eu,https://www.europarl.europa.eu/mepphoto/249982.jpg,https://www.europarl.europa.eu/meps/en/249982,https://howtheyvote.eu/votes/195775
197841,Liudas MAŽYLIS,Liudas,MAŽYLIS,Lithuania,LTU,,EPP,European People's Party,EPP,AGAINST,Voted to fight sexual abuse online,Voted against rejection,2026-07-09,liudas.mazylis@europarl.europa.eu,https://www.europarl.europa.eu/mepphoto/197841.jpg,https://www.europarl.europa.eu/meps/en/197841,https://howtheyvote.eu/votes/195775
124806,David MCALLISTER,David,MCALLISTER,Germany,DEU,,EPP,European People's Party,EPP,AGAINST,Voted to fight sexual abuse online,Voted against rejection,2026-07-09,david.mcallister@europarl.europa.eu,https://www.europarl.europa.eu/mepphoto/124806.jpg,https://www.europarl.europa.eu/meps/en/124806,https://howtheyvote.eu/votes/195775
257300,Michael MCNAMARA,Michael,MCNAMARA,Ireland,IRL,,Renew,Renew Europe,RENEW,FOR,Said no to action against child sexual abuse,Voted for rejection,2026-07-09,michael.mcnamara@europarl.europa.eu,https://www.europarl.europa.eu/mepphoto/257300.jpg,https://www.europarl.europa.eu/meps/en/257300,https://howtheyvote.eu/votes/195775
204418,Nora MEBAREK,Nora,MEBAREK,France,FRA,,S&D,Progressive Alliance of Socialists and Democrats,SD,ABSTENTION,Abstained,Abstained,2026-07-09,nora.mebarek@europarl.europa.eu,https://www.europarl.europa.eu/mepphoto/204418.jpg,https://www.europarl.europa.eu/meps/en/204418,https://howtheyvote.eu/votes/195775
256980,Alexandra MEHNERT,Alexandra,MEHNERT,Germany,DEU,,EPP,European People's Party,EPP,AGAINST,Voted to fight sexual abuse online,Voted against rejection,2026-07-09,alexandra.mehnert@europarl.europa.eu,https://www.europarl.europa.eu/mepphoto/256980.jpg,https://www.europarl.europa.eu/meps/en/256980,https://howtheyvote.eu/votes/195775
197662,Vangelis MEIMARAKIS,Vangelis,MEIMARAKIS,Greece,GRC,,EPP,European People's Party,EPP,DID_NOT_VOTE,Did not vote,Did not vote,2026-07-09,evangelos.meimarakis@europarl.europa.eu,https://www.europarl.europa.eu/mepphoto/197662.jpg,https://www.europarl.europa.eu/meps/en/197662,https://howtheyvote.eu/votes/195775
256943,Eleonora MELETI,Eleonora,MELETI,Greece,GRC,,EPP,European People's Party,EPP,AGAINST,Voted to fight sexual abuse online,Voted against rejection,2026-07-09,eleonora.meleti@europarl.europa.eu,https://www.europarl.europa.eu/mepphoto/256943.jpg,https://www.europarl.europa.eu/meps/en/256943,https://howtheyvote.eu/votes/195775
257053,Ana Catarina MENDES,Ana Catarina,MENDES,Portugal,PRT,,S&D,Progressive Alliance of Socialists and Democrats,SD,AGAINST,Voted to fight sexual abuse online,Voted against rejection,2026-07-09,anacatarina.mendes@europarl.europa.eu,https://www.europarl.europa.eu/mepphoto/257053.jpg,https://www.europarl.europa.eu/meps/en/257053,https://howtheyvote.eu/votes/195775
256994,Idoia MENDIA,Idoia,MENDIA,Spain,ESP,,S&D,Progressive Alliance of Socialists and Democrats,SD,AGAINST,Voted to fight sexual abuse online,Voted against rejection,2026-07-09,idoia.mendia@europarl.europa.eu,https://www.europarl.europa.eu/mepphoto/256994.jpg,https://www.europarl.europa.eu/meps/en/256994,https://howtheyvote.eu/votes/195775
256974,Verena MERTENS,Verena,MERTENS,Germany,DEU,,EPP,European People's Party,EPP,AGAINST,Voted to fight sexual abuse online,Voted against rejection,2026-07-09,verena.mertens@europarl.europa.eu,https://www.europarl.europa.eu/mepphoto/256974.jpg,https://www.europarl.europa.eu/meps/en/256974,https://howtheyvote.eu/votes/195775
236053,Marina MESURE,Marina,MESURE,France,FRA,,The Left,The Left in the European Parliament,GUE_NGL,FOR,Said no to action against child sexual abuse,Voted for rejection,2026-07-09,marina.mesure@europarl.europa.eu,https://www.europarl.europa.eu/mepphoto/236053.jpg,https://www.europarl.europa.eu/meps/en/236053,https://howtheyvote.eu/votes/195775
118859,Roberta METSOLA,Roberta,METSOLA,Malta,MLT,,EPP,European People's Party,EPP,DID_NOT_VOTE,Did not vote,Did not vote,2026-07-09,roberta.metsola@europarl.europa.eu,https://www.europarl.europa.eu/mepphoto/118859.jpg,https://www.europarl.europa.eu/meps/en/118859,https://howtheyvote.eu/votes/195775
193292,Tilly METZ,Tilly,METZ,Luxembourg,LUX,,Greens/EFA,Greens/European Free Alliance,GREEN_EFA,DID_NOT_VOTE,Did not vote,Did not vote,2026-07-09,tilly.metz@europarl.europa.eu,https://www.europarl.europa.eu/mepphoto/193292.jpg,https://www.europarl.europa.eu/meps/en/193292,https://howtheyvote.eu/votes/195775
197497,Sven MIKSER,Sven,MIKSER,Estonia,EST,,S&D,Progressive Alliance of Socialists and Democrats,SD,FOR,Said no to action against child sexual abuse,Voted for rejection,2026-07-09,sven.mikser@europarl.europa.eu,https://www.europarl.europa.eu/mepphoto/197497.jpg,https://www.europarl.europa.eu/meps/en/197497,https://howtheyvote.eu/votes/195775
197824,Giuseppe MILAZZO,Giuseppe,MILAZZO,Italy,ITA,,ECR,European Conservatives and Reformists,ECR,DID_NOT_VOTE,Did not vote,Did not vote,2026-07-09,giuseppe.milazzo@europarl.europa.eu,https://www.europarl.europa.eu/mepphoto/197824.jpg,https://www.europarl.europa.eu/meps/en/197824,https://howtheyvote.eu/votes/195775
28400,Francisco José MILLÁN MON,Francisco José,MILLÁN MON,Spain,ESP,,EPP,European People's Party,EPP,AGAINST,Voted to fight sexual abuse online,Voted against rejection,2026-07-09,francisco.millanmon@europarl.europa.eu,https://www.europarl.europa.eu/mepphoto/28400.jpg,https://www.europarl.europa.eu/meps/en/28400,https://howtheyvote.eu/votes/195775
257259,Nikola MINCHEV,Nikola,MINCHEV,Bulgaria,BGR,,Renew,Renew Europe,RENEW,DID_NOT_VOTE,Did not vote,Did not vote,2026-07-09,nikola.minchev@europarl.europa.eu,https://www.europarl.europa.eu/mepphoto/257259.jpg,https://www.europarl.europa.eu/meps/en/257259,https://howtheyvote.eu/votes/195775
24942,Ana MIRANDA PAZ,Ana,MIRANDA PAZ,Spain,ESP,,Greens/EFA,Greens/European Free Alliance,GREEN_EFA,FOR,Said no to action against child sexual abuse,Voted for rejection,2026-07-09,ana.miranda@europarl.europa.eu,https://www.europarl.europa.eu/mepphoto/24942.jpg,https://www.europarl.europa.eu/meps/en/24942,https://howtheyvote.eu/votes/195775
124722,Csaba MOLNÁR,Csaba,MOLNÁR,Hungary,HUN,,S&D,Progressive Alliance of Socialists and Democrats,SD,DID_NOT_VOTE,Did not vote,Did not vote,2026-07-09,csaba.molnar@europarl.europa.eu,https://www.europarl.europa.eu/mepphoto/124722.jpg,https://www.europarl.europa.eu/meps/en/124722,https://howtheyvote.eu/votes/195775
245770,Irene MONTERO,Irene,MONTERO,Spain,ESP,,The Left,The Left in the European Parliament,GUE_NGL,FOR,Said no to action against child sexual abuse,Voted for rejection,2026-07-09,irene.montero@europarl.europa.eu,https://www.europarl.europa.eu/mepphoto/245770.jpg,https://www.europarl.europa.eu/meps/en/245770,https://howtheyvote.eu/votes/195775
197711,Dolors MONTSERRAT,Dolors,MONTSERRAT,Spain,ESP,,EPP,European People's Party,EPP,AGAINST,Voted to fight sexual abuse online,Voted against rejection,2026-07-09,d.montserrat@europarl.europa.eu,https://www.europarl.europa.eu/mepphoto/197711.jpg,https://www.europarl.europa.eu/meps/en/197711,https://howtheyvote.eu/votes/195775
257140,Carolina MORACE,Carolina,MORACE,Italy,ITA,,The Left,The Left in the European Parliament,GUE_NGL,FOR,Said no to action against child sexual abuse,Voted for rejection,2026-07-09,carolina.morace@europarl.europa.eu,https://www.europarl.europa.eu/mepphoto/257140.jpg,https://www.europarl.europa.eu/meps/en/257140,https://howtheyvote.eu/votes/195775
72779,Nadine MORANO,Nadine,MORANO,France,FRA,,EPP,European People's Party,EPP,AGAINST,Voted to fight sexual abuse online,Voted against rejection,2026-07-09,nadine.morano@europarl.europa.eu,https://www.europarl.europa.eu/mepphoto/72779.jpg,https://www.europarl.europa.eu/meps/en/72779,https://howtheyvote.eu/votes/195775
257151,Letizia MORATTI,Letizia,MORATTI,Italy,ITA,,EPP,European People's Party,EPP,AGAINST,Voted to fight sexual abuse online,Voted against rejection,2026-07-09,letizia.moratti@europarl.europa.eu,https://www.europarl.europa.eu/mepphoto/257151.jpg,https://www.europarl.europa.eu/meps/en/257151,https://howtheyvote.eu/votes/195775
257054,Tiago MOREIRA DE SÁ,Tiago,MOREIRA DE SÁ,Portugal,PRT,,PfE,Patriots for Europe,PFE,FOR,Said no to action against child sexual abuse,Voted for rejection,2026-07-09,tiago.damotaveigamoreiradesa@europarl.europa.eu,https://www.europarl.europa.eu/mepphoto/257054.jpg,https://www.europarl.europa.eu/meps/en/257054,https://howtheyvote.eu/votes/195775
28347,Javier MORENO SÁNCHEZ,Javier,MORENO SÁNCHEZ,Spain,ESP,,S&D,Progressive Alliance of Socialists and Democrats,SD,AGAINST,Voted to fight sexual abuse online,Voted against rejection,2026-07-09,javier.morenosanchez@europarl.europa.eu,https://www.europarl.europa.eu/mepphoto/28347.jpg,https://www.europarl.europa.eu/meps/en/28347,https://howtheyvote.eu/votes/195775
124799,Alessandra MORETTI,Alessandra,MORETTI,Italy,ITA,,S&D,Progressive Alliance of Socialists and Democrats,SD,AGAINST,Voted to fight sexual abuse online,Voted against rejection,2026-07-09,alessandra.moretti@europarl.europa.eu,https://www.europarl.europa.eu/mepphoto/124799.jpg,https://www.europarl.europa.eu/meps/en/124799,https://howtheyvote.eu/votes/195775
197647,Dan-Ştefan MOTREANU,Dan-Ştefan,MOTREANU,Romania,ROU,,EPP,European People's Party,EPP,AGAINST,Voted to fight sexual abuse online,Voted against rejection,2026-07-09,dan-stefan.motreanu@europarl.europa.eu,https://www.europarl.europa.eu/mepphoto/197647.jpg,https://www.europarl.europa.eu/meps/en/197647,https://howtheyvote.eu/votes/195775
257060,Arkadiusz MULARCZYK,Arkadiusz,MULARCZYK,Poland,POL,,ECR,European Conservatives and Reformists,ECR,FOR,Said no to action against child sexual abuse,Voted for rejection,2026-07-09,arkadiusz.mularczyk@europarl.europa.eu,https://www.europarl.europa.eu/mepphoto/257060.jpg,https://www.europarl.europa.eu/meps/en/257060,https://howtheyvote.eu/votes/195775
257298,Ciaran MULLOOLY,Ciaran,MULLOOLY,Ireland,IRL,,Renew,Renew Europe,RENEW,AGAINST,Voted to fight sexual abuse online,Voted against rejection,2026-07-09,ciaran.mullooly@europarl.europa.eu,https://www.europarl.europa.eu/mepphoto/257298.jpg,https://www.europarl.europa.eu/meps/en/257298,https://howtheyvote.eu/votes/195775
124802,Siegfried MUREŞAN,Siegfried,MUREŞAN,Romania,ROU,,EPP,European People's Party,EPP,AGAINST,Voted to fight sexual abuse online,Voted against rejection,2026-07-09,siegfried.muresan@europarl.europa.eu,https://www.europarl.europa.eu/mepphoto/124802.jpg,https://www.europarl.europa.eu/meps/en/124802,https://howtheyvote.eu/votes/195775
257103,Ştefan MUŞOIU,Ştefan,MUŞOIU,Romania,ROU,,S&D,Progressive Alliance of Socialists and Democrats,SD,AGAINST,Voted to fight sexual abuse online,Voted against rejection,2026-07-09,stefan.musoiu@europarl.europa.eu,https://www.europarl.europa.eu/mepphoto/257103.jpg,https://www.europarl.europa.eu/meps/en/257103,https://howtheyvote.eu/votes/195775
257080,Piotr MÜLLER,Piotr,MÜLLER,Poland,POL,,ECR,European Conservatives and Reformists,ECR,FOR,Said no to action against child sexual abuse,Voted for rejection,2026-07-09,piotr.muller@europarl.europa.eu,https://www.europarl.europa.eu/mepphoto/257080.jpg,https://www.europarl.europa.eu/meps/en/257080,https://howtheyvote.eu/votes/195775
256843,Jana NAGYOVÁ,Jana,NAGYOVÁ,Czechia,CZE,,PfE,Patriots for Europe,PFE,FOR,Said no to action against child sexual abuse,Voted for rejection,2026-07-09,jana.nagyova@europarl.europa.eu,https://www.europarl.europa.eu/mepphoto/256843.jpg,https://www.europarl.europa.eu/meps/en/256843,https://howtheyvote.eu/votes/195775
257111,Dario NARDELLA,Dario,NARDELLA,Italy,ITA,,S&D,Progressive Alliance of Socialists and Democrats,SD,FOR,Said no to action against child sexual abuse,Voted for rejection,2026-07-09,dario.nardella@europarl.europa.eu,https://www.europarl.europa.eu/mepphoto/257111.jpg,https://www.europarl.europa.eu/meps/en/257111,https://howtheyvote.eu/votes/195775
257027,Fernando NAVARRETE ROJAS,Fernando,NAVARRETE ROJAS,Spain,ESP,,EPP,European People's Party,EPP,AGAINST,Voted to fight sexual abuse online,Voted against rejection,2026-07-09,fernando.navarrete@europarl.europa.eu,https://www.europarl.europa.eu/mepphoto/257027.jpg,https://www.europarl.europa.eu/meps/en/257027,https://howtheyvote.eu/votes/195775
88882,Victor NEGRESCU,Victor,NEGRESCU,Romania,ROU,,S&D,Progressive Alliance of Socialists and Democrats,SD,AGAINST,Voted to fight sexual abuse online,Voted against rejection,2026-07-09,victor.negrescu@europarl.europa.eu,https://www.europarl.europa.eu/mepphoto/88882.jpg,https://www.europarl.europa.eu/meps/en/88882,https://howtheyvote.eu/votes/195775
233862,Matjaž NEMEC,Matjaž,NEMEC,Slovenia,SVN,,S&D,Progressive Alliance of Socialists and Democrats,SD,FOR,Said no to action against child sexual abuse,Voted for rejection,2026-07-09,matjaz.nemec@europarl.europa.eu,https://www.europarl.europa.eu/mepphoto/233862.jpg,https://www.europarl.europa.eu/meps/en/233862,https://howtheyvote.eu/votes/195775
256847,Danuše NERUDOVÁ,Danuše,NERUDOVÁ,Czechia,CZE,,EPP,European People's Party,EPP,FOR,Said no to action against child sexual abuse,Voted for rejection,2026-07-09,danuse.nerudova@europarl.europa.eu,https://www.europarl.europa.eu/mepphoto/256847.jpg,https://www.europarl.europa.eu/meps/en/256847,https://howtheyvote.eu/votes/195775
239260,Denis NESCI,Denis,NESCI,Italy,ITA,,ECR,European Conservatives and Reformists,ECR,FOR,Said no to action against child sexual abuse,Voted for rejection,2026-07-09,denis.nesci@europarl.europa.eu,https://www.europarl.europa.eu/mepphoto/239260.jpg,https://www.europarl.europa.eu/meps/en/239260,https://howtheyvote.eu/votes/195775
256944,Hans NEUHOFF,Hans,NEUHOFF,Germany,DEU,,ESN,Europe of Sovereign Nations,ESN,FOR,Said no to action against child sexual abuse,Voted for rejection,2026-07-09,hans.neuhoff@europarl.europa.eu,https://www.europarl.europa.eu/mepphoto/256944.jpg,https://www.europarl.europa.eu/meps/en/256944,https://howtheyvote.eu/votes/195775
197464,Hannah NEUMANN,Hannah,NEUMANN,Germany,DEU,,Greens/EFA,Greens/European Free Alliance,GREEN_EFA,FOR,Said no to action against child sexual abuse,Voted for rejection,2026-07-09,hannah.neumann@europarl.europa.eu,https://www.europarl.europa.eu/mepphoto/197464.jpg,https://www.europarl.europa.eu/meps/en/197464,https://howtheyvote.eu/votes/195775
257039,Elena NEVADO DEL CAMPO,Elena,NEVADO DEL CAMPO,Spain,ESP,,EPP,European People's Party,EPP,DID_NOT_VOTE,Did not vote,Did not vote,2026-07-09,elena.nevadodelcampo@europarl.europa.eu,https://www.europarl.europa.eu/mepphoto/257039.jpg,https://www.europarl.europa.eu/meps/en/257039,https://howtheyvote.eu/votes/195775
124784,Dan NICA,Dan,NICA,Romania,ROU,,S&D,Progressive Alliance of Socialists and Democrats,SD,DID_NOT_VOTE,Did not vote,Did not vote,2026-07-09,dan.nica@europarl.europa.eu,https://www.europarl.europa.eu/mepphoto/124784.jpg,https://www.europarl.europa.eu/meps/en/124784,https://howtheyvote.eu/votes/195775
4289,Angelika NIEBLER,Angelika,NIEBLER,Germany,DEU,,EPP,European People's Party,EPP,AGAINST,Voted to fight sexual abuse online,Voted against rejection,2026-07-09,angelika.niebler@europarl.europa.eu,https://www.europarl.europa.eu/mepphoto/4289.jpg,https://www.europarl.europa.eu/meps/en/4289,https://howtheyvote.eu/votes/195775
124701,Luděk NIEDERMAYER,Luděk,NIEDERMAYER,Czechia,CZE,,EPP,European People's Party,EPP,AGAINST,Voted to fight sexual abuse online,Voted against rejection,2026-07-09,ludek.niedermayer@europarl.europa.eu,https://www.europarl.europa.eu/mepphoto/124701.jpg,https://www.europarl.europa.eu/meps/en/124701,https://howtheyvote.eu/votes/195775
197802,Ville NIINISTÖ,Ville,NIINISTÖ,Finland,FIN,,Greens/EFA,Greens/European Free Alliance,GREEN_EFA,FOR,Said no to action against child sexual abuse,Voted for rejection,2026-07-09,ville.niinisto@europarl.europa.eu,https://www.europarl.europa.eu/mepphoto/197802.jpg,https://www.europarl.europa.eu/meps/en/197802,https://howtheyvote.eu/votes/195775
197734,Lefteris NIKOLAOU-ALAVANOS,Lefteris,NIKOLAOU-ALAVANOS,Greece,GRC,,Non-attached,Non-attached Members,NI,FOR,Said no to action against child sexual abuse,Voted for rejection,2026-07-09,lefteris.nikolaou@europarl.europa.eu,https://www.europarl.europa.eu/mepphoto/197734.jpg,https://www.europarl.europa.eu/meps/en/197734,https://howtheyvote.eu/votes/195775
256883,Aleksandar NIKOLIC,Aleksandar,NIKOLIC,France,FRA,,PfE,Patriots for Europe,PFE,DID_NOT_VOTE,Did not vote,Did not vote,2026-07-09,aleksandar.nikolic@europarl.europa.eu,https://www.europarl.europa.eu/mepphoto/256883.jpg,https://www.europarl.europa.eu/meps/en/256883,https://howtheyvote.eu/votes/195775
257301,Cynthia NÍ MHURCHÚ,Cynthia,NÍ MHURCHÚ,Ireland,IRL,,Renew,Renew Europe,RENEW,AGAINST,Voted to fight sexual abuse online,Voted against rejection,2026-07-09,cynthia.nimhurchu@europarl.europa.eu,https://www.europarl.europa.eu/mepphoto/257301.jpg,https://www.europarl.europa.eu/meps/en/257301,https://howtheyvote.eu/votes/195775
124836,Maria NOICHL,Maria,NOICHL,Germany,DEU,,S&D,Progressive Alliance of Socialists and Democrats,SD,AGAINST,Voted to fight sexual abuse online,Voted against rejection,2026-07-09,maria.noichl@europarl.europa.eu,https://www.europarl.europa.eu/mepphoto/124836.jpg,https://www.europarl.europa.eu/meps/en/124836,https://howtheyvote.eu/votes/195775
257044,Rasmus NORDQVIST,Rasmus,NORDQVIST,Denmark,DNK,,Greens/EFA,Greens/European Free Alliance,GREEN_EFA,FOR,Said no to action against child sexual abuse,Voted for rejection,2026-07-09,rasmus.nordqvist@europarl.europa.eu,https://www.europarl.europa.eu/mepphoto/257044.jpg,https://www.europarl.europa.eu/meps/en/257044,https://howtheyvote.eu/votes/195775
107212,Andrey NOVAKOV,Andrey,NOVAKOV,Bulgaria,BGR,,EPP,European People's Party,EPP,AGAINST,Voted to fight sexual abuse online,Voted against rejection,2026-07-09,andrey.novakov@europarl.europa.eu,https://www.europarl.europa.eu/mepphoto/107212.jpg,https://www.europarl.europa.eu/meps/en/107212,https://howtheyvote.eu/votes/195775
257049,Mirosława NYKIEL,Mirosława,NYKIEL,Poland,POL,,EPP,European People's Party,EPP,AGAINST,Voted to fight sexual abuse online,Voted against rejection,2026-07-09,miroslawa.nykiel@europarl.europa.eu,https://www.europarl.europa.eu/mepphoto/257049.jpg,https://www.europarl.europa.eu/meps/en/257049,https://howtheyvote.eu/votes/195775
257058,Daniel OBAJTEK,Daniel,OBAJTEK,Poland,POL,,ECR,European Conservatives and Reformists,ECR,DID_NOT_VOTE,Did not vote,Did not vote,2026-07-09,daniel.obajtek@europarl.europa.eu,https://www.europarl.europa.eu/mepphoto/257058.jpg,https://www.europarl.europa.eu/meps/en/257058,https://howtheyvote.eu/votes/195775
197432,Jan-Christoph OETJEN,Jan-Christoph,OETJEN,Germany,DEU,,Renew,Renew Europe,RENEW,FOR,Said no to action against child sexual abuse,Voted for rejection,2026-07-09,jan-christoph.oetjen@europarl.europa.eu,https://www.europarl.europa.eu/mepphoto/197432.jpg,https://www.europarl.europa.eu/meps/en/197432,https://howtheyvote.eu/votes/195775
198076,Maria OHISALO,Maria,OHISALO,Finland,FIN,,Greens/EFA,Greens/European Free Alliance,GREEN_EFA,FOR,Said no to action against child sexual abuse,Voted for rejection,2026-07-09,maria.ohisalo@europarl.europa.eu,https://www.europarl.europa.eu/mepphoto/198076.jpg,https://www.europarl.europa.eu/meps/en/198076,https://howtheyvote.eu/votes/195775
257083,João OLIVEIRA,João,OLIVEIRA,Portugal,PRT,,The Left,The Left in the European Parliament,GUE_NGL,FOR,Said no to action against child sexual abuse,Voted for rejection,2026-07-09,joao.oliveira@europarl.europa.eu,https://www.europarl.europa.eu/mepphoto/257083.jpg,https://www.europarl.europa.eu/meps/en/257083,https://howtheyvote.eu/votes/195775
197687,Philippe OLIVIER,Philippe,OLIVIER,France,FRA,,PfE,Patriots for Europe,PFE,DID_NOT_VOTE,Did not vote,Did not vote,2026-07-09,philippe.olivier@europarl.europa.eu,https://www.europarl.europa.eu/mepphoto/197687.jpg,https://www.europarl.europa.eu/meps/en/197687,https://howtheyvote.eu/votes/195775
30482,Younous OMARJEE,Younous,OMARJEE,France,FRA,,The Left,The Left in the European Parliament,GUE_NGL,FOR,Said no to action against child sexual abuse,Voted for rejection,2026-07-09,younous.omarjee@europarl.europa.eu,https://www.europarl.europa.eu/mepphoto/30482.jpg,https://www.europarl.europa.eu/meps/en/30482,https://howtheyvote.eu/votes/195775
257018,Branislav ONDRUŠ,Branislav,ONDRUŠ,Slovakia,SVK,,Non-attached,Non-attached Members,NI,FOR,Said no to action against child sexual abuse,Voted for rejection,2026-07-09,branislav.ondrus@europarl.europa.eu,https://www.europarl.europa.eu/mepphoto/257018.jpg,https://www.europarl.europa.eu/meps/en/257018,https://howtheyvote.eu/votes/195775
2152,Leoluca ORLANDO,Leoluca,ORLANDO,Italy,ITA,,Greens/EFA,Greens/European Free Alliance,GREEN_EFA,FOR,Said no to action against child sexual abuse,Voted for rejection,2026-07-09,leoluca.orlando@europarl.europa.eu,https://www.europarl.europa.eu/mepphoto/2152.jpg,https://www.europarl.europa.eu/meps/en/2152,https://howtheyvote.eu/votes/195775
257086,Jacek OZDOBA,Jacek,OZDOBA,Poland,POL,,ECR,European Conservatives and Reformists,ECR,FOR,Said no to action against child sexual abuse,Voted for rejection,2026-07-09,jacek.ozdoba@europarl.europa.eu,https://www.europarl.europa.eu/mepphoto/257086.jpg,https://www.europarl.europa.eu/meps/en/257086,https://howtheyvote.eu/votes/195775
257010,Ľudovít ÓDOR,Ľudovít,ÓDOR,Slovakia,SVK,,Renew,Renew Europe,RENEW,FOR,Said no to action against child sexual abuse,Voted for rejection,2026-07-09,ludovit.odor@europarl.europa.eu,https://www.europarl.europa.eu/mepphoto/257010.jpg,https://www.europarl.europa.eu/meps/en/257010,https://howtheyvote.eu/votes/195775
129073,Urmas PAET,Urmas,PAET,Estonia,EST,,Renew,Renew Europe,RENEW,FOR,Said no to action against child sexual abuse,Voted for rejection,2026-07-09,urmas.paet@europarl.europa.eu,https://www.europarl.europa.eu/mepphoto/129073.jpg,https://www.europarl.europa.eu/meps/en/129073,https://howtheyvote.eu/votes/195775
256993,Leire PAJÍN,Leire,PAJÍN,Spain,ESP,,S&D,Progressive Alliance of Socialists and Democrats,SD,AGAINST,Voted to fight sexual abuse online,Voted against rejection,2026-07-09,leire.pajiniraola@europarl.europa.eu,https://www.europarl.europa.eu/mepphoto/256993.jpg,https://www.europarl.europa.eu/meps/en/256993,https://howtheyvote.eu/votes/195775
257135,Valentina PALMISANO,Valentina,PALMISANO,Italy,ITA,,The Left,The Left in the European Parliament,GUE_NGL,FOR,Said no to action against child sexual abuse,Voted for rejection,2026-07-09,valentina.palmisano@europarl.europa.eu,https://www.europarl.europa.eu/mepphoto/257135.jpg,https://www.europarl.europa.eu/meps/en/257135,https://howtheyvote.eu/votes/195775
256989,Fidias PANAYIOTOU,Fidias,PANAYIOTOU,Cyprus,CYP,,Non-attached,Non-attached Members,NI,FOR,Said no to action against child sexual abuse,Voted for rejection,2026-07-09,fidias.panayiotou@europarl.europa.eu,https://www.europarl.europa.eu/mepphoto/256989.jpg,https://www.europarl.europa.eu/meps/en/256989,https://howtheyvote.eu/votes/195775
125093,Kostas PAPADAKIS,Kostas,PAPADAKIS,Greece,GRC,,Non-attached,Non-attached Members,NI,FOR,Said no to action against child sexual abuse,Voted for rejection,2026-07-09,kostas.papadakis@europarl.europa.eu,https://www.europarl.europa.eu/mepphoto/125093.jpg,https://www.europarl.europa.eu/meps/en/125093,https://howtheyvote.eu/votes/195775
244571,Nikos PAPANDREOU,Nikos,PAPANDREOU,Greece,GRC,,S&D,Progressive Alliance of Socialists and Democrats,SD,AGAINST,Voted to fight sexual abuse online,Voted against rejection,2026-07-09,nikos.papandreou@europarl.europa.eu,https://www.europarl.europa.eu/mepphoto/244571.jpg,https://www.europarl.europa.eu/meps/en/244571,https://howtheyvote.eu/votes/195775
256952,Nikos PAPPAS,Nikos,PAPPAS,Greece,GRC,,The Left,The Left in the European Parliament,GUE_NGL,DID_NOT_VOTE,Did not vote,Did not vote,2026-07-09,nikolaos.pappas@europarl.europa.eu,https://www.europarl.europa.eu/mepphoto/256952.jpg,https://www.europarl.europa.eu/meps/en/256952,https://howtheyvote.eu/votes/195775
257040,Nicolás PASCUAL DE LA PARTE,Nicolás,PASCUAL DE LA PARTE,Spain,ESP,,EPP,European People's Party,EPP,AGAINST,Voted to fight sexual abuse online,Voted against rejection,2026-07-09,nicolas.pascualdelaparte@europarl.europa.eu,https://www.europarl.europa.eu/mepphoto/257040.jpg,https://www.europarl.europa.eu/meps/en/257040,https://howtheyvote.eu/votes/195775
36392,Aldo PATRICIELLO,Aldo,PATRICIELLO,Italy,ITA,,PfE,Patriots for Europe,PFE,DID_NOT_VOTE,Did not vote,Did not vote,2026-07-09,aldo.patriciello@europarl.europa.eu,https://www.europarl.europa.eu/mepphoto/36392.jpg,https://www.europarl.europa.eu/meps/en/36392,https://howtheyvote.eu/votes/195775
197466,Jutta PAULUS,Jutta,PAULUS,Germany,DEU,,Greens/EFA,Greens/European Free Alliance,GREEN_EFA,FOR,Said no to action against child sexual abuse,Voted for rejection,2026-07-09,jutta.paulus@europarl.europa.eu,https://www.europarl.europa.eu/mepphoto/197466.jpg,https://www.europarl.europa.eu/meps/en/197466,https://howtheyvote.eu/votes/195775
110673,Ana Miguel PEDRO,Ana Miguel,PEDRO,Portugal,PRT,,EPP,European People's Party,EPP,DID_NOT_VOTE,Did not vote,Did not vote,2026-07-09,anamiguel.pedro@europarl.europa.eu,https://www.europarl.europa.eu/mepphoto/110673.jpg,https://www.europarl.europa.eu/meps/en/110673,https://howtheyvote.eu/votes/195775
257126,Gaetano PEDULLA',Gaetano,PEDULLA',Italy,ITA,,The Left,The Left in the European Parliament,GUE_NGL,FOR,Said no to action against child sexual abuse,Voted for rejection,2026-07-09,gaetano.pedulla@europarl.europa.eu,https://www.europarl.europa.eu/mepphoto/257126.jpg,https://www.europarl.europa.eu/meps/en/257126,https://howtheyvote.eu/votes/195775
256903,Thomas PELLERIN-CARLIN,Thomas,PELLERIN-CARLIN,France,FRA,,S&D,Progressive Alliance of Socialists and Democrats,SD,ABSTENTION,Abstained,Abstained,2026-07-09,thomas.pellerin-carlin@europarl.europa.eu,https://www.europarl.europa.eu/mepphoto/256903.jpg,https://www.europarl.europa.eu/meps/en/256903,https://howtheyvote.eu/votes/195775
30123,Guillaume PELTIER,Guillaume,PELTIER,France,FRA,,ECR,European Conservatives and Reformists,ECR,FOR,Said no to action against child sexual abuse,Voted for rejection,2026-07-09,guillaume.peltier@europarl.europa.eu,https://www.europarl.europa.eu/mepphoto/30123.jpg,https://www.europarl.europa.eu/meps/en/30123,https://howtheyvote.eu/votes/195775
197845,Tsvetelina PENKOVA,Tsvetelina,PENKOVA,Bulgaria,BGR,,S&D,Progressive Alliance of Socialists and Democrats,SD,AGAINST,Voted to fight sexual abuse online,Voted against rejection,2026-07-09,tsvetelina.penkova@europarl.europa.eu,https://www.europarl.europa.eu/mepphoto/197845.jpg,https://www.europarl.europa.eu/meps/en/197845,https://howtheyvote.eu/votes/195775
126699,Gilles PENNELLE,Gilles,PENNELLE,France,FRA,,PfE,Patriots for Europe,PFE,FOR,Said no to action against child sexual abuse,Voted for rejection,2026-07-09,gilles.pennelle@europarl.europa.eu,https://www.europarl.europa.eu/mepphoto/126699.jpg,https://www.europarl.europa.eu/meps/en/126699,https://howtheyvote.eu/votes/195775
197738,Lídia PEREIRA,Lídia,PEREIRA,Portugal,PRT,,EPP,European People's Party,EPP,AGAINST,Voted to fight sexual abuse online,Voted against rejection,2026-07-09,lidia.pereira@europarl.europa.eu,https://www.europarl.europa.eu/mepphoto/197738.jpg,https://www.europarl.europa.eu/meps/en/197738,https://howtheyvote.eu/votes/195775
197573,Kira Marie PETER-HANSEN,Kira Marie,PETER-HANSEN,Denmark,DNK,,Greens/EFA,Greens/European Free Alliance,GREEN_EFA,FOR,Said no to action against child sexual abuse,Voted for rejection,2026-07-09,kira.peter-hansen@europarl.europa.eu,https://www.europarl.europa.eu/mepphoto/197573.jpg,https://www.europarl.europa.eu/meps/en/197573,https://howtheyvote.eu/votes/195775
257257,Hristo PETROV,Hristo,PETROV,Bulgaria,BGR,,Renew,Renew Europe,RENEW,FOR,Said no to action against child sexual abuse,Voted for rejection,2026-07-09,hristo.petrov@europarl.europa.eu,https://www.europarl.europa.eu/mepphoto/257257.jpg,https://www.europarl.europa.eu/meps/en/257257,https://howtheyvote.eu/votes/195775
257019,Alvise PÉREZ,Alvise,PÉREZ,Spain,ESP,,Non-attached,Non-attached Members,NI,AGAINST,Voted to fight sexual abuse online,Voted against rejection,2026-07-09,luisalvise.perezfernandez@europarl.europa.eu,https://www.europarl.europa.eu/mepphoto/257019.jpg,https://www.europarl.europa.eu/meps/en/257019,https://howtheyvote.eu/votes/195775
257150,Michele PICARO,Michele,PICARO,Italy,ITA,,ECR,European Conservatives and Reformists,ECR,FOR,Said no to action against child sexual abuse,Voted for rejection,2026-07-09,michele.picaro@europarl.europa.eu,https://www.europarl.europa.eu/mepphoto/257150.jpg,https://www.europarl.europa.eu/meps/en/257150,https://howtheyvote.eu/votes/195775
124846,Pina PICIERNO,Pina,PICIERNO,Italy,ITA,,Renew,Renew Europe,RENEW,DID_NOT_VOTE,Did not vote,Did not vote,2026-07-09,giuseppina.picierno@europarl.europa.eu,https://www.europarl.europa.eu/mepphoto/124846.jpg,https://www.europarl.europa.eu/meps/en/124846,https://howtheyvote.eu/votes/195775
112744,Tonino PICULA,Tonino,PICULA,Croatia,HRV,,S&D,Progressive Alliance of Socialists and Democrats,SD,FOR,Said no to action against child sexual abuse,Voted for rejection,2026-07-09,tonino.picula@europarl.europa.eu,https://www.europarl.europa.eu/mepphoto/112744.jpg,https://www.europarl.europa.eu/meps/en/112744,https://howtheyvote.eu/votes/195775
256877,Pascale PIERA,Pascale,PIERA,France,FRA,,PfE,Patriots for Europe,PFE,FOR,Said no to action against child sexual abuse,Voted for rejection,2026-07-09,pascale.piera@europarl.europa.eu,https://www.europarl.europa.eu/mepphoto/256877.jpg,https://www.europarl.europa.eu/meps/en/256877,https://howtheyvote.eu/votes/195775
40599,Sirpa PIETIKÄINEN,Sirpa,PIETIKÄINEN,Finland,FIN,,EPP,European People's Party,EPP,AGAINST,Voted to fight sexual abuse online,Voted against rejection,2026-07-09,sirpa.pietikainen@europarl.europa.eu,https://www.europarl.europa.eu/mepphoto/40599.jpg,https://www.europarl.europa.eu/meps/en/40599,https://howtheyvote.eu/votes/195775
256893,Pierre PIMPIE,Pierre,PIMPIE,France,FRA,,PfE,Patriots for Europe,PFE,FOR,Said no to action against child sexual abuse,Voted for rejection,2026-07-09,pierre.pimpie@europarl.europa.eu,https://www.europarl.europa.eu/mepphoto/256893.jpg,https://www.europarl.europa.eu/meps/en/256893,https://howtheyvote.eu/votes/195775
257115,Gheorghe PIPEREA,Gheorghe,PIPEREA,Romania,ROU,,ECR,European Conservatives and Reformists,ECR,AGAINST,Voted to fight sexual abuse online,Voted against rejection,2026-07-09,gheorghe.piperea@europarl.europa.eu,https://www.europarl.europa.eu/mepphoto/257115.jpg,https://www.europarl.europa.eu/meps/en/257115,https://howtheyvote.eu/votes/195775
256844,Jaroslava POKORNÁ JERMANOVÁ,Jaroslava,POKORNÁ JERMANOVÁ,Czechia,CZE,,PfE,Patriots for Europe,PFE,FOR,Said no to action against child sexual abuse,Voted for rejection,2026-07-09,jaroslava.pokornajermanova@europarl.europa.eu,https://www.europarl.europa.eu/mepphoto/256844.jpg,https://www.europarl.europa.eu/meps/en/256844,https://howtheyvote.eu/votes/195775
257145,Daniele POLATO,Daniele,POLATO,Italy,ITA,,ECR,European Conservatives and Reformists,ECR,FOR,Said no to action against child sexual abuse,Voted for rejection,2026-07-09,daniele.polato@europarl.europa.eu,https://www.europarl.europa.eu/mepphoto/257145.jpg,https://www.europarl.europa.eu/meps/en/257145,https://howtheyvote.eu/votes/195775
197404,Jessica POLFJÄRD,Jessica,POLFJÄRD,Sweden,SWE,,EPP,European People's Party,EPP,AGAINST,Voted to fight sexual abuse online,Voted against rejection,2026-07-09,jessica.polfjard@europarl.europa.eu,https://www.europarl.europa.eu/mepphoto/197404.jpg,https://www.europarl.europa.eu/meps/en/197404,https://howtheyvote.eu/votes/195775
257107,Virgil-Daniel POPESCU,Virgil-Daniel,POPESCU,Romania,ROU,,EPP,European People's Party,EPP,AGAINST,Voted to fight sexual abuse online,Voted against rejection,2026-07-09,virgil.popescu@europarl.europa.eu,https://www.europarl.europa.eu/mepphoto/257107.jpg,https://www.europarl.europa.eu/meps/en/257107,https://howtheyvote.eu/votes/195775
256907,Reinis POZŅAKS,Reinis,POZŅAKS,Latvia,LVA,,ECR,European Conservatives and Reformists,ECR,AGAINST,Voted to fight sexual abuse online,Voted against rejection,2026-07-09,reinis.poznaks@europarl.europa.eu,https://www.europarl.europa.eu/mepphoto/256907.jpg,https://www.europarl.europa.eu/meps/en/256907,https://howtheyvote.eu/votes/195775
256813,Vladimir PREBILIČ,Vladimir,PREBILIČ,Slovenia,SVN,,Greens/EFA,Greens/European Free Alliance,GREEN_EFA,FOR,Said no to action against child sexual abuse,Voted for rejection,2026-07-09,vladimir.prebilic@europarl.europa.eu,https://www.europarl.europa.eu/mepphoto/256813.jpg,https://www.europarl.europa.eu/meps/en/256813,https://howtheyvote.eu/votes/195775
257128,Giusi PRINCI,Giusi,PRINCI,Italy,ITA,,EPP,European People's Party,EPP,AGAINST,Voted to fight sexual abuse online,Voted against rejection,2026-07-09,giusi.princi@europarl.europa.eu,https://www.europarl.europa.eu/mepphoto/257128.jpg,https://www.europarl.europa.eu/meps/en/257128,https://howtheyvote.eu/votes/195775
197820,Nicola PROCACCINI,Nicola,PROCACCINI,Italy,ITA,,ECR,European Conservatives and Reformists,ECR,DID_NOT_VOTE,Did not vote,Did not vote,2026-07-09,nicola.procaccini@europarl.europa.eu,https://www.europarl.europa.eu/mepphoto/197820.jpg,https://www.europarl.europa.eu/meps/en/197820,https://howtheyvote.eu/votes/195775
257041,Jacek PROTAS,Jacek,PROTAS,Poland,POL,,EPP,European People's Party,EPP,AGAINST,Voted to fight sexual abuse online,Voted against rejection,2026-07-09,jacek.protas@europarl.europa.eu,https://www.europarl.europa.eu/mepphoto/257041.jpg,https://www.europarl.europa.eu/meps/en/257041,https://howtheyvote.eu/votes/195775
256969,Friedrich PÜRNER,Friedrich,PÜRNER,Germany,DEU,,Non-attached,Non-attached Members,NI,FOR,Said no to action against child sexual abuse,Voted for rejection,2026-07-09,friedrich.puerner@europarl.europa.eu,https://www.europarl.europa.eu/mepphoto/256969.jpg,https://www.europarl.europa.eu/meps/en/256969,https://howtheyvote.eu/votes/195775
124850,Emil RADEV,Emil,RADEV,Bulgaria,BGR,,EPP,European People's Party,EPP,AGAINST,Voted to fight sexual abuse online,Voted against rejection,2026-07-09,emil.radev@europarl.europa.eu,https://www.europarl.europa.eu/mepphoto/124850.jpg,https://www.europarl.europa.eu/meps/en/124850,https://howtheyvote.eu/votes/195775
188945,Dennis RADTKE,Dennis,RADTKE,Germany,DEU,,EPP,European People's Party,EPP,AGAINST,Voted to fight sexual abuse online,Voted against rejection,2026-07-09,dennis.radtke@europarl.europa.eu,https://www.europarl.europa.eu/mepphoto/188945.jpg,https://www.europarl.europa.eu/meps/en/188945,https://howtheyvote.eu/votes/195775
256902,Emma RAFOWICZ,Emma,RAFOWICZ,France,FRA,,S&D,Progressive Alliance of Socialists and Democrats,SD,ABSTENTION,Abstained,Abstained,2026-07-09,emma.rafowicz@europarl.europa.eu,https://www.europarl.europa.eu/mepphoto/256902.jpg,https://www.europarl.europa.eu/meps/en/256902,https://howtheyvote.eu/votes/195775
188096,Jüri RATAS,Jüri,RATAS,Estonia,EST,,EPP,European People's Party,EPP,FOR,Said no to action against child sexual abuse,Voted for rejection,2026-07-09,juri.ratas@europarl.europa.eu,https://www.europarl.europa.eu/mepphoto/188096.jpg,https://www.europarl.europa.eu/meps/en/188096,https://howtheyvote.eu/votes/195775
257104,Ruggero RAZZA,Ruggero,RAZZA,Italy,ITA,,ECR,European Conservatives and Reformists,ECR,DID_NOT_VOTE,Did not vote,Did not vote,2026-07-09,ruggero.razza@europarl.europa.eu,https://www.europarl.europa.eu/mepphoto/257104.jpg,https://www.europarl.europa.eu/meps/en/257104,https://howtheyvote.eu/votes/195775
256882,Julie RECHAGNEUX,Julie,RECHAGNEUX,France,FRA,,PfE,Patriots for Europe,PFE,FOR,Said no to action against child sexual abuse,Voted for rejection,2026-07-09,julie.rechagneux@europarl.europa.eu,https://www.europarl.europa.eu/mepphoto/256882.jpg,https://www.europarl.europa.eu/meps/en/256882,https://howtheyvote.eu/votes/195775
96998,Evelyn REGNER,Evelyn,REGNER,Austria,AUT,,S&D,Progressive Alliance of Socialists and Democrats,SD,FOR,Said no to action against child sexual abuse,Voted for rejection,2026-07-09,evelyn.regner@europarl.europa.eu,https://www.europarl.europa.eu/mepphoto/96998.jpg,https://www.europarl.europa.eu/meps/en/96998,https://howtheyvote.eu/votes/195775
103381,Terry REINTKE,Terry,REINTKE,Germany,DEU,,Greens/EFA,Greens/European Free Alliance,GREEN_EFA,FOR,Said no to action against child sexual abuse,Voted for rejection,2026-07-09,terry.reintke@europarl.europa.eu,https://www.europarl.europa.eu/mepphoto/103381.jpg,https://www.europarl.europa.eu/meps/en/103381,https://howtheyvote.eu/votes/195775
229839,René REPASI,René,REPASI,Germany,DEU,,S&D,Progressive Alliance of Socialists and Democrats,SD,AGAINST,Voted to fight sexual abuse online,Voted against rejection,2026-07-09,rene.repasi@europarl.europa.eu,https://www.europarl.europa.eu/mepphoto/229839.jpg,https://www.europarl.europa.eu/meps/en/229839,https://howtheyvote.eu/votes/195775
256935,Sabrina REPP,Sabrina,REPP,Germany,DEU,,S&D,Progressive Alliance of Socialists and Democrats,SD,AGAINST,Voted to fight sexual abuse online,Voted against rejection,2026-07-09,sabrina.repp@europarl.europa.eu,https://www.europarl.europa.eu/mepphoto/256935.jpg,https://www.europarl.europa.eu/meps/en/256935,https://howtheyvote.eu/votes/195775
197413,Karlo RESSLER,Karlo,RESSLER,Croatia,HRV,,EPP,European People's Party,EPP,AGAINST,Voted to fight sexual abuse online,Voted against rejection,2026-07-09,karlo.ressler@europarl.europa.eu,https://www.europarl.europa.eu/mepphoto/197413.jpg,https://www.europarl.europa.eu/meps/en/197413,https://howtheyvote.eu/votes/195775
218347,Thijs REUTEN,Thijs,REUTEN,Netherlands,NLD,,S&D,Progressive Alliance of Socialists and Democrats,SD,FOR,Said no to action against child sexual abuse,Voted for rejection,2026-07-09,thijs.reuten@europarl.europa.eu,https://www.europarl.europa.eu/mepphoto/218347.jpg,https://www.europarl.europa.eu/meps/en/218347,https://howtheyvote.eu/votes/195775
197832,Diana RIBA I GINER,Diana,RIBA I GINER,Spain,ESP,,Greens/EFA,Greens/European Free Alliance,GREEN_EFA,FOR,Said no to action against child sexual abuse,Voted for rejection,2026-07-09,diana.ribaiginer@europarl.europa.eu,https://www.europarl.europa.eu/mepphoto/197832.jpg,https://www.europarl.europa.eu/meps/en/197832,https://howtheyvote.eu/votes/195775
257121,Matteo RICCI,Matteo,RICCI,Italy,ITA,,S&D,Progressive Alliance of Socialists and Democrats,SD,DID_NOT_VOTE,Did not vote,Did not vote,2026-07-09,matteo.ricci@europarl.europa.eu,https://www.europarl.europa.eu/mepphoto/257121.jpg,https://www.europarl.europa.eu/meps/en/257121,https://howtheyvote.eu/votes/195775
256904,Chloé RIDEL,Chloé,RIDEL,France,FRA,,S&D,Progressive Alliance of Socialists and Democrats,SD,DID_NOT_VOTE,Did not vote,Did not vote,2026-07-09,chloe.ridel@europarl.europa.eu,https://www.europarl.europa.eu/mepphoto/256904.jpg,https://www.europarl.europa.eu/meps/en/256904,https://howtheyvote.eu/votes/195775
256964,Nela RIEHL,Nela,RIEHL,Germany,DEU,,Greens/EFA,Greens/European Free Alliance,GREEN_EFA,FOR,Said no to action against child sexual abuse,Voted for rejection,2026-07-09,nela.riehl@europarl.europa.eu,https://www.europarl.europa.eu/mepphoto/256964.jpg,https://www.europarl.europa.eu/meps/en/256964,https://howtheyvote.eu/votes/195775
206158,Manuela RIPA,Manuela,RIPA,Germany,DEU,,EPP,European People's Party,EPP,FOR,Said no to action against child sexual abuse,Voted for rejection,2026-07-09,manuela.ripa@europarl.europa.eu,https://www.europarl.europa.eu/mepphoto/206158.jpg,https://www.europarl.europa.eu/meps/en/206158,https://howtheyvote.eu/votes/195775
257238,Aodhán Ó RÍORDÁIN,Aodhán Ó,RÍORDÁIN,Ireland,IRL,,S&D,Progressive Alliance of Socialists and Democrats,SD,AGAINST,Voted to fight sexual abuse online,Voted against rejection,2026-07-09,aodhan.oriordain@europarl.europa.eu,https://www.europarl.europa.eu/mepphoto/257238.jpg,https://www.europarl.europa.eu/meps/en/257238,https://howtheyvote.eu/votes/195775
204413,Marcos ROS SEMPERE,Marcos,ROS SEMPERE,Spain,ESP,,S&D,Progressive Alliance of Socialists and Democrats,SD,AGAINST,Voted to fight sexual abuse online,Voted against rejection,2026-07-09,marcos.ros@europarl.europa.eu,https://www.europarl.europa.eu/mepphoto/204413.jpg,https://www.europarl.europa.eu/meps/en/204413,https://howtheyvote.eu/votes/195775
96653,Katarína ROTH NEVEĎALOVÁ,Katarína,ROTH NEVEĎALOVÁ,Slovakia,SVK,,Non-attached,Non-attached Members,NI,FOR,Said no to action against child sexual abuse,Voted for rejection,2026-07-09,katarina.roth@europarl.europa.eu,https://www.europarl.europa.eu/mepphoto/96653.jpg,https://www.europarl.europa.eu/meps/en/96653,https://howtheyvote.eu/votes/195775
197690,André ROUGÉ,André,ROUGÉ,France,FRA,,PfE,Patriots for Europe,PFE,FOR,Said no to action against child sexual abuse,Voted for rejection,2026-07-09,andre.rouge@europarl.europa.eu,https://www.europarl.europa.eu/mepphoto/197690.jpg,https://www.europarl.europa.eu/meps/en/197690,https://howtheyvote.eu/votes/195775
197773,Bert-Jan RUISSEN,Bert-Jan,RUISSEN,Netherlands,NLD,,ECR,European Conservatives and Reformists,ECR,AGAINST,Voted to fight sexual abuse online,Voted against rejection,2026-07-09,bert-jan.ruissen@europarl.europa.eu,https://www.europarl.europa.eu/mepphoto/197773.jpg,https://www.europarl.europa.eu/meps/en/197773,https://howtheyvote.eu/votes/195775
257170,Sandro RUOTOLO,Sandro,RUOTOLO,Italy,ITA,,S&D,Progressive Alliance of Socialists and Democrats,SD,DID_NOT_VOTE,Did not vote,Did not vote,2026-07-09,sandro.ruotolo@europarl.europa.eu,https://www.europarl.europa.eu/mepphoto/257170.jpg,https://www.europarl.europa.eu/meps/en/257170,https://howtheyvote.eu/votes/195775
197545,Bogdan RZOŃCA,Bogdan,RZOŃCA,Poland,POL,,ECR,European Conservatives and Reformists,ECR,AGAINST,Voted to fight sexual abuse online,Voted against rejection,2026-07-09,bogdan.rzonca@europarl.europa.eu,https://www.europarl.europa.eu/mepphoto/197545.jpg,https://www.europarl.europa.eu/meps/en/197545,https://howtheyvote.eu/votes/195775
256911,Arash SAEIDI,Arash,SAEIDI,France,FRA,,The Left,The Left in the European Parliament,GUE_NGL,FOR,Said no to action against child sexual abuse,Voted for rejection,2026-07-09,arash.saeidi@europarl.europa.eu,https://www.europarl.europa.eu/mepphoto/256911.jpg,https://www.europarl.europa.eu/meps/en/256911,https://howtheyvote.eu/votes/195775
125670,Massimiliano SALINI,Massimiliano,SALINI,Italy,ITA,,EPP,European People's Party,EPP,AGAINST,Voted to fight sexual abuse online,Voted against rejection,2026-07-09,massimiliano.salini@europarl.europa.eu,https://www.europarl.europa.eu/mepphoto/125670.jpg,https://www.europarl.europa.eu/meps/en/125670,https://howtheyvote.eu/votes/195775
257127,Ilaria SALIS,Ilaria,SALIS,Italy,ITA,,The Left,The Left in the European Parliament,GUE_NGL,DID_NOT_VOTE,Did not vote,Did not vote,2026-07-09,ilaria.salis@europarl.europa.eu,https://www.europarl.europa.eu/mepphoto/257127.jpg,https://www.europarl.europa.eu/meps/en/257127,https://howtheyvote.eu/votes/195775
98219,Aura SALLA,Aura,SALLA,Finland,FIN,,EPP,European People's Party,EPP,DID_NOT_VOTE,Did not vote,Did not vote,2026-07-09,aura.salla@europarl.europa.eu,https://www.europarl.europa.eu/mepphoto/98219.jpg,https://www.europarl.europa.eu/meps/en/98219,https://howtheyvote.eu/votes/195775
88552,Julien SANCHEZ,Julien,SANCHEZ,France,FRA,,PfE,Patriots for Europe,PFE,FOR,Said no to action against child sexual abuse,Voted for rejection,2026-07-09,julien.sanchez@europarl.europa.eu,https://www.europarl.europa.eu/mepphoto/88552.jpg,https://www.europarl.europa.eu/meps/en/88552,https://howtheyvote.eu/votes/195775
257001,Elena SANCHO MURILLO,Elena,SANCHO MURILLO,Spain,ESP,,S&D,Progressive Alliance of Socialists and Democrats,SD,AGAINST,Voted to fight sexual abuse online,Voted against rejection,2026-07-09,elena.sanchomurillo@europarl.europa.eu,https://www.europarl.europa.eu/mepphoto/257001.jpg,https://www.europarl.europa.eu/meps/en/257001,https://howtheyvote.eu/votes/195775
127766,Jussi SARAMO,Jussi,SARAMO,Finland,FIN,,The Left,The Left in the European Parliament,GUE_NGL,FOR,Said no to action against child sexual abuse,Voted for rejection,2026-07-09,jussi.saramo@europarl.europa.eu,https://www.europarl.europa.eu/mepphoto/127766.jpg,https://www.europarl.europa.eu/meps/en/127766,https://howtheyvote.eu/votes/195775
197578,Silvia SARDONE,Silvia,SARDONE,Italy,ITA,,PfE,Patriots for Europe,PFE,FOR,Said no to action against child sexual abuse,Voted for rejection,2026-07-09,silvia.sardone@europarl.europa.eu,https://www.europarl.europa.eu/mepphoto/197578.jpg,https://www.europarl.europa.eu/meps/en/197578,https://howtheyvote.eu/votes/195775
256905,Eric SARGIACOMO,Eric,SARGIACOMO,France,FRA,,S&D,Progressive Alliance of Socialists and Democrats,SD,DID_NOT_VOTE,Did not vote,Did not vote,2026-07-09,eric.sargiacomo@europarl.europa.eu,https://www.europarl.europa.eu/mepphoto/256905.jpg,https://www.europarl.europa.eu/meps/en/256905,https://howtheyvote.eu/votes/195775
197500,Mounir SATOURI,Mounir,SATOURI,France,FRA,,Greens/EFA,Greens/European Free Alliance,GREEN_EFA,FOR,Said no to action against child sexual abuse,Voted for rejection,2026-07-09,mounir.satouri@europarl.europa.eu,https://www.europarl.europa.eu/mepphoto/197500.jpg,https://www.europarl.europa.eu/meps/en/197500,https://howtheyvote.eu/votes/195775
256809,Paulius SAUDARGAS,Paulius,SAUDARGAS,Lithuania,LTU,,EPP,European People's Party,EPP,AGAINST,Voted to fight sexual abuse online,Voted against rejection,2026-07-09,paulius.saudargas@europarl.europa.eu,https://www.europarl.europa.eu/mepphoto/256809.jpg,https://www.europarl.europa.eu/meps/en/256809,https://howtheyvote.eu/votes/195775
197722,Nacho SÁNCHEZ AMOR,Nacho,SÁNCHEZ AMOR,Spain,ESP,,S&D,Progressive Alliance of Socialists and Democrats,SD,AGAINST,Voted to fight sexual abuse online,Voted against rejection,2026-07-09,nacho.sanchezamor@europarl.europa.eu,https://www.europarl.europa.eu/mepphoto/197722.jpg,https://www.europarl.europa.eu/meps/en/197722,https://howtheyvote.eu/votes/195775
256917,Majdouline SBAI,Majdouline,SBAI,France,FRA,,Greens/EFA,Greens/European Free Alliance,GREEN_EFA,DID_NOT_VOTE,Did not vote,Did not vote,2026-07-09,majdouline.sbai@europarl.europa.eu,https://www.europarl.europa.eu/mepphoto/256917.jpg,https://www.europarl.europa.eu/meps/en/256917,https://howtheyvote.eu/votes/195775
257113,Antonella SBERNA,Antonella,SBERNA,Italy,ITA,,ECR,European Conservatives and Reformists,ECR,DID_NOT_VOTE,Did not vote,Did not vote,2026-07-09,antonella.sberna@europarl.europa.eu,https://www.europarl.europa.eu/mepphoto/257113.jpg,https://www.europarl.europa.eu/meps/en/257113,https://howtheyvote.eu/votes/195775
37312,Christel SCHALDEMOSE,Christel,SCHALDEMOSE,Denmark,DNK,,S&D,Progressive Alliance of Socialists and Democrats,SD,AGAINST,Voted to fight sexual abuse online,Voted against rejection,2026-07-09,christel.schaldemose@europarl.europa.eu,https://www.europarl.europa.eu/mepphoto/37312.jpg,https://www.europarl.europa.eu/meps/en/37312,https://howtheyvote.eu/votes/195775
213330,Ernő SCHALLER-BAROSS,Ernő,SCHALLER-BAROSS,Hungary,HUN,,PfE,Patriots for Europe,PFE,DID_NOT_VOTE,Did not vote,Did not vote,2026-07-09,erno.schaller-baross@europarl.europa.eu,https://www.europarl.europa.eu/mepphoto/213330.jpg,https://www.europarl.europa.eu/meps/en/213330,https://howtheyvote.eu/votes/195775
256979,Oliver SCHENK,Oliver,SCHENK,Germany,DEU,,EPP,European People's Party,EPP,AGAINST,Voted to fight sexual abuse online,Voted against rejection,2026-07-09,oliver.schenk@europarl.europa.eu,https://www.europarl.europa.eu/mepphoto/256979.jpg,https://www.europarl.europa.eu/meps/en/256979,https://howtheyvote.eu/votes/195775
257084,Joanna SCHEURING-WIELGUS,Joanna,SCHEURING-WIELGUS,Poland,POL,,S&D,Progressive Alliance of Socialists and Democrats,SD,AGAINST,Voted to fight sexual abuse online,Voted against rejection,2026-07-09,joanna.scheuring-wielgus@europarl.europa.eu,https://www.europarl.europa.eu/mepphoto/257084.jpg,https://www.europarl.europa.eu/meps/en/257084,https://howtheyvote.eu/votes/195775
197670,Andreas SCHIEDER,Andreas,SCHIEDER,Austria,AUT,,S&D,Progressive Alliance of Socialists and Democrats,SD,AGAINST,Voted to fight sexual abuse online,Voted against rejection,2026-07-09,andreas.schieder@europarl.europa.eu,https://www.europarl.europa.eu/mepphoto/197670.jpg,https://www.europarl.europa.eu/meps/en/197670,https://howtheyvote.eu/votes/195775
256833,Lena SCHILLING,Lena,SCHILLING,Austria,AUT,,Greens/EFA,Greens/European Free Alliance,GREEN_EFA,FOR,Said no to action against child sexual abuse,Voted for rejection,2026-07-09,lena.schilling@europarl.europa.eu,https://www.europarl.europa.eu/mepphoto/256833.jpg,https://www.europarl.europa.eu/meps/en/256833,https://howtheyvote.eu/votes/195775
190517,Martin SCHIRDEWAN,Martin,SCHIRDEWAN,Germany,DEU,,The Left,The Left in the European Parliament,GUE_NGL,DID_NOT_VOTE,Did not vote,Did not vote,2026-07-09,martin.schirdewan@europarl.europa.eu,https://www.europarl.europa.eu/mepphoto/190517.jpg,https://www.europarl.europa.eu/meps/en/190517,https://howtheyvote.eu/votes/195775
267485,Volker SCHNURRBUSCH,Volker,SCHNURRBUSCH,Germany,DEU,,ESN,Europe of Sovereign Nations,ESN,FOR,Said no to action against child sexual abuse,Voted for rejection,2026-07-09,volker.schnurrbusch@europarl.europa.eu,https://www.europarl.europa.eu/mepphoto/267485.jpg,https://www.europarl.europa.eu/meps/en/267485,https://howtheyvote.eu/votes/195775
28223,Andreas SCHWAB,Andreas,SCHWAB,Germany,DEU,,EPP,European People's Party,EPP,AGAINST,Voted to fight sexual abuse online,Voted against rejection,2026-07-09,andreas.schwab@europarl.europa.eu,https://www.europarl.europa.eu/mepphoto/28223.jpg,https://www.europarl.europa.eu/meps/en/28223,https://howtheyvote.eu/votes/195775
257139,Benedetta SCUDERI,Benedetta,SCUDERI,Italy,ITA,,Greens/EFA,Greens/European Free Alliance,GREEN_EFA,FOR,Said no to action against child sexual abuse,Voted for rejection,2026-07-09,benedetta.scuderi@europarl.europa.eu,https://www.europarl.europa.eu/mepphoto/257139.jpg,https://www.europarl.europa.eu/meps/en/257139,https://howtheyvote.eu/votes/195775
197425,Ralf SEEKATZ,Ralf,SEEKATZ,Germany,DEU,,EPP,European People's Party,EPP,DID_NOT_VOTE,Did not vote,Did not vote,2026-07-09,ralf.seekatz@europarl.europa.eu,https://www.europarl.europa.eu/mepphoto/197425.jpg,https://www.europarl.europa.eu/meps/en/197425,https://howtheyvote.eu/votes/195775
256959,Alexander SELL,Alexander,SELL,Germany,DEU,,ESN,Europe of Sovereign Nations,ESN,DID_NOT_VOTE,Did not vote,Did not vote,2026-07-09,alexander.sell@europarl.europa.eu,https://www.europarl.europa.eu/mepphoto/256959.jpg,https://www.europarl.europa.eu/meps/en/256959,https://howtheyvote.eu/votes/195775
257009,Isabel SERRA SÁNCHEZ,Isabel,SERRA SÁNCHEZ,Spain,ESP,,The Left,The Left in the European Parliament,GUE_NGL,FOR,Said no to action against child sexual abuse,Voted for rejection,2026-07-09,isabel.serrasanchez@europarl.europa.eu,https://www.europarl.europa.eu/mepphoto/257009.jpg,https://www.europarl.europa.eu/meps/en/257009,https://howtheyvote.eu/votes/195775
256999,Rosa SERRANO SIERRA,Rosa,SERRANO SIERRA,Spain,ESP,,S&D,Progressive Alliance of Socialists and Democrats,SD,AGAINST,Voted to fight sexual abuse online,Voted against rejection,2026-07-09,rosa.serranosierra@europarl.europa.eu,https://www.europarl.europa.eu/mepphoto/256999.jpg,https://www.europarl.europa.eu/meps/en/256999,https://howtheyvote.eu/votes/195775
197677,Günther SIDL,Günther,SIDL,Austria,AUT,,S&D,Progressive Alliance of Socialists and Democrats,SD,AGAINST,Voted to fight sexual abuse online,Voted against rejection,2026-07-09,guenther.sidl@europarl.europa.eu,https://www.europarl.europa.eu/mepphoto/197677.jpg,https://www.europarl.europa.eu/meps/en/197677,https://howtheyvote.eu/votes/195775
86057,Bartłomiej SIENKIEWICZ,Bartłomiej,SIENKIEWICZ,Poland,POL,,EPP,European People's Party,EPP,AGAINST,Voted to fight sexual abuse online,Voted against rejection,2026-07-09,bartlomiej.sienkiewicz@europarl.europa.eu,https://www.europarl.europa.eu/mepphoto/86057.jpg,https://www.europarl.europa.eu/meps/en/86057,https://howtheyvote.eu/votes/195775
256971,Lukas SIEPER,Lukas,SIEPER,Germany,DEU,,Renew,Renew Europe,RENEW,FOR,Said no to action against child sexual abuse,Voted for rejection,2026-07-09,lukas.sieper@europarl.europa.eu,https://www.europarl.europa.eu/mepphoto/256971.jpg,https://www.europarl.europa.eu/meps/en/256971,https://howtheyvote.eu/votes/195775
197426,Sven SIMON,Sven,SIMON,Germany,DEU,,EPP,European People's Party,EPP,AGAINST,Voted to fight sexual abuse online,Voted against rejection,2026-07-09,sven.simon@europarl.europa.eu,https://www.europarl.europa.eu/mepphoto/197426.jpg,https://www.europarl.europa.eu/meps/en/197426,https://howtheyvote.eu/votes/195775
256946,Christine SINGER,Christine,SINGER,Germany,DEU,,Renew,Renew Europe,RENEW,FOR,Said no to action against child sexual abuse,Voted for rejection,2026-07-09,christine.singer@europarl.europa.eu,https://www.europarl.europa.eu/mepphoto/256946.jpg,https://www.europarl.europa.eu/meps/en/256946,https://howtheyvote.eu/votes/195775
201945,Virginijus SINKEVIČIUS,Virginijus,SINKEVIČIUS,Lithuania,LTU,,Greens/EFA,Greens/European Free Alliance,GREEN_EFA,FOR,Said no to action against child sexual abuse,Voted for rejection,2026-07-09,virginijus.sinkevicius@europarl.europa.eu,https://www.europarl.europa.eu/mepphoto/201945.jpg,https://www.europarl.europa.eu/meps/en/201945,https://howtheyvote.eu/votes/195775
96932,Birgit SIPPEL,Birgit,SIPPEL,Germany,DEU,,S&D,Progressive Alliance of Socialists and Democrats,SD,FOR,Said no to action against child sexual abuse,Voted for rejection,2026-07-09,birgit.sippel@europarl.europa.eu,https://www.europarl.europa.eu/mepphoto/96932.jpg,https://www.europarl.europa.eu/meps/en/96932,https://howtheyvote.eu/votes/195775
2268,Jonas SJÖSTEDT,Jonas,SJÖSTEDT,Sweden,SWE,,The Left,The Left in the European Parliament,GUE_NGL,FOR,Said no to action against child sexual abuse,Voted for rejection,2026-07-09,jonas.sjostedt@europarl.europa.eu,https://www.europarl.europa.eu/mepphoto/2268.jpg,https://www.europarl.europa.eu/meps/en/2268,https://howtheyvote.eu/votes/195775
125325,Sander SMIT,Sander,SMIT,Netherlands,NLD,,ECR,European Conservatives and Reformists,ECR,FOR,Said no to action against child sexual abuse,Voted for rejection,2026-07-09,sander.smit@europarl.europa.eu,https://www.europarl.europa.eu/mepphoto/125325.jpg,https://www.europarl.europa.eu/meps/en/125325,https://howtheyvote.eu/votes/195775
256910,Anthony SMITH,Anthony,SMITH,France,FRA,,The Left,The Left in the European Parliament,GUE_NGL,FOR,Said no to action against child sexual abuse,Voted for rejection,2026-07-09,anthony.smith@europarl.europa.eu,https://www.europarl.europa.eu/mepphoto/256910.jpg,https://www.europarl.europa.eu/meps/en/256910,https://howtheyvote.eu/votes/195775
197417,Tomislav SOKOL,Tomislav,SOKOL,Croatia,HRV,,EPP,European People's Party,EPP,AGAINST,Voted to fight sexual abuse online,Voted against rejection,2026-07-09,tomislav.sokol@europarl.europa.eu,https://www.europarl.europa.eu/mepphoto/197417.jpg,https://www.europarl.europa.eu/meps/en/197417,https://howtheyvote.eu/votes/195775
257021,Diego SOLIER,Diego,SOLIER,Spain,ESP,,ECR,European Conservatives and Reformists,ECR,FOR,Said no to action against child sexual abuse,Voted for rejection,2026-07-09,diego.solierfernandez@europarl.europa.eu,https://www.europarl.europa.eu/mepphoto/257021.jpg,https://www.europarl.europa.eu/meps/en/257021,https://howtheyvote.eu/votes/195775
197784,Susana SOLÍS PÉREZ,Susana,SOLÍS PÉREZ,Spain,ESP,,EPP,European People's Party,EPP,AGAINST,Voted to fight sexual abuse online,Voted against rejection,2026-07-09,susana.solisperez@europarl.europa.eu,https://www.europarl.europa.eu/mepphoto/197784.jpg,https://www.europarl.europa.eu/meps/en/197784,https://howtheyvote.eu/votes/195775
256889,Liesbet SOMMEN,Liesbet,SOMMEN,Belgium,BEL,,EPP,European People's Party,EPP,AGAINST,Voted to fight sexual abuse online,Voted against rejection,2026-07-09,liesbet.sommen@europarl.europa.eu,https://www.europarl.europa.eu/mepphoto/256889.jpg,https://www.europarl.europa.eu/meps/en/256889,https://howtheyvote.eu/votes/195775
124834,Martin SONNEBORN,Martin,SONNEBORN,Germany,DEU,,Non-attached,Non-attached Members,NI,FOR,Said no to action against child sexual abuse,Voted for rejection,2026-07-09,martin.sonneborn@europarl.europa.eu,https://www.europarl.europa.eu/mepphoto/124834.jpg,https://www.europarl.europa.eu/meps/en/124834,https://howtheyvote.eu/votes/195775
256871,Malika SOREL,Malika,SOREL,France,FRA,,Non-attached,Non-attached Members,NI,FOR,Said no to action against child sexual abuse,Voted for rejection,2026-07-09,malika.sorel@europarl.europa.eu,https://www.europarl.europa.eu/mepphoto/256871.jpg,https://www.europarl.europa.eu/meps/en/256871,https://howtheyvote.eu/votes/195775
257068,Hélder SOUSA SILVA,Hélder,SOUSA SILVA,Portugal,PRT,,EPP,European People's Party,EPP,AGAINST,Voted to fight sexual abuse online,Voted against rejection,2026-07-09,helder.sousasilva@europarl.europa.eu,https://www.europarl.europa.eu/mepphoto/257068.jpg,https://www.europarl.europa.eu/meps/en/257068,https://howtheyvote.eu/votes/195775
257109,Marco SQUARTA,Marco,SQUARTA,Italy,ITA,,ECR,European Conservatives and Reformists,ECR,DID_NOT_VOTE,Did not vote,Did not vote,2026-07-09,marco.squarta@europarl.europa.eu,https://www.europarl.europa.eu/mepphoto/257109.jpg,https://www.europarl.europa.eu/meps/en/257109,https://howtheyvote.eu/votes/195775
256916,Mārtiņš STAĶIS,Mārtiņš,STAĶIS,Latvia,LVA,,Greens/EFA,Greens/European Free Alliance,GREEN_EFA,FOR,Said no to action against child sexual abuse,Voted for rejection,2026-07-09,martins.stakis@europarl.europa.eu,https://www.europarl.europa.eu/mepphoto/256916.jpg,https://www.europarl.europa.eu/meps/en/256916,https://howtheyvote.eu/votes/195775
197825,Raffaele STANCANELLI,Raffaele,STANCANELLI,Italy,ITA,,PfE,Patriots for Europe,PFE,DID_NOT_VOTE,Did not vote,Did not vote,2026-07-09,raffaele.stancanelli@europarl.europa.eu,https://www.europarl.europa.eu/mepphoto/197825.jpg,https://www.europarl.europa.eu/meps/en/197825,https://howtheyvote.eu/votes/195775
272024,Antonín STANĚK,Antonín,STANĚK,Czechia,CZE,,PfE,Patriots for Europe,PFE,FOR,Said no to action against child sexual abuse,Voted for rejection,2026-07-09,antonin.stanek@europarl.europa.eu,https://www.europarl.europa.eu/mepphoto/272024.jpg,https://www.europarl.europa.eu/meps/en/272024,https://howtheyvote.eu/votes/195775
220897,Petra STEGER,Petra,STEGER,Austria,AUT,,PfE,Patriots for Europe,PFE,FOR,Said no to action against child sexual abuse,Voted for rejection,2026-07-09,petra.steger@europarl.europa.eu,https://www.europarl.europa.eu/mepphoto/220897.jpg,https://www.europarl.europa.eu/meps/en/220897,https://howtheyvote.eu/votes/195775
119435,Davor Ivo STIER,Davor Ivo,STIER,Croatia,HRV,,EPP,European People's Party,EPP,AGAINST,Voted to fight sexual abuse online,Voted against rejection,2026-07-09,davorivo.stier@europarl.europa.eu,https://www.europarl.europa.eu/mepphoto/119435.jpg,https://www.europarl.europa.eu/meps/en/119435,https://howtheyvote.eu/votes/195775
257025,Kristoffer STORM,Kristoffer,STORM,Denmark,DNK,,ECR,European Conservatives and Reformists,ECR,FOR,Said no to action against child sexual abuse,Voted for rejection,2026-07-09,kristoffer.storm@europarl.europa.eu,https://www.europarl.europa.eu/mepphoto/257025.jpg,https://www.europarl.europa.eu/meps/en/257025,https://howtheyvote.eu/votes/195775
257255,Stanislav STOYANOV,Stanislav,STOYANOV,Bulgaria,BGR,,ESN,Europe of Sovereign Nations,ESN,FOR,Said no to action against child sexual abuse,Voted for rejection,2026-07-09,stanislav.stoyanov@europarl.europa.eu,https://www.europarl.europa.eu/mepphoto/257255.jpg,https://www.europarl.europa.eu/meps/en/257255,https://howtheyvote.eu/votes/195775
256926,Marie-Agnes STRACK-ZIMMERMANN,Marie-Agnes,STRACK-ZIMMERMANN,Germany,DEU,,Renew,Renew Europe,RENEW,FOR,Said no to action against child sexual abuse,Voted for rejection,2026-07-09,marie-agnes.strack-zimmermann@europarl.europa.eu,https://www.europarl.europa.eu/mepphoto/256926.jpg,https://www.europarl.europa.eu/meps/en/256926,https://howtheyvote.eu/votes/195775
257101,Cecilia STRADA,Cecilia,STRADA,Italy,ITA,,S&D,Progressive Alliance of Socialists and Democrats,SD,FOR,Said no to action against child sexual abuse,Voted for rejection,2026-07-09,cecilia.strada@europarl.europa.eu,https://www.europarl.europa.eu/mepphoto/257101.jpg,https://www.europarl.europa.eu/meps/en/257101,https://howtheyvote.eu/votes/195775
256962,Joachim STREIT,Joachim,STREIT,Germany,DEU,,Renew,Renew Europe,RENEW,FOR,Said no to action against child sexual abuse,Voted for rejection,2026-07-09,joachim.streit@europarl.europa.eu,https://www.europarl.europa.eu/mepphoto/256962.jpg,https://www.europarl.europa.eu/meps/en/256962,https://howtheyvote.eu/votes/195775
197772,Tineke STRIK,Tineke,STRIK,Netherlands,NLD,,Greens/EFA,Greens/European Free Alliance,GREEN_EFA,FOR,Said no to action against child sexual abuse,Voted for rejection,2026-07-09,tineke.strik@europarl.europa.eu,https://www.europarl.europa.eu/mepphoto/197772.jpg,https://www.europarl.europa.eu/meps/en/197772,https://howtheyvote.eu/votes/195775
256990,Anna STROLENBERG,Anna,STROLENBERG,Netherlands,NLD,,Greens/EFA,Greens/European Free Alliance,GREEN_EFA,FOR,Said no to action against child sexual abuse,Voted for rejection,2026-07-09,anna.strolenberg@europarl.europa.eu,https://www.europarl.europa.eu/mepphoto/256990.jpg,https://www.europarl.europa.eu/meps/en/256990,https://howtheyvote.eu/votes/195775
257119,Şerban Dimitrie STURDZA,Şerban Dimitrie,STURDZA,Romania,ROU,,ECR,European Conservatives and Reformists,ECR,FOR,Said no to action against child sexual abuse,Voted for rejection,2026-07-09,serban.dimitrie.sturdza@europarl.europa.eu,https://www.europarl.europa.eu/mepphoto/257119.jpg,https://www.europarl.europa.eu/meps/en/257119,https://howtheyvote.eu/votes/195775
256839,Anna STÜRGKH,Anna,STÜRGKH,Austria,AUT,,Renew,Renew Europe,RENEW,DID_NOT_VOTE,Did not vote,Did not vote,2026-07-09,anna.sturgkh@europarl.europa.eu,https://www.europarl.europa.eu/mepphoto/256839.jpg,https://www.europarl.europa.eu/meps/en/256839,https://howtheyvote.eu/votes/195775
257070,Marcin SYPNIEWSKI,Marcin,SYPNIEWSKI,Poland,POL,,ESN,Europe of Sovereign Nations,ESN,FOR,Said no to action against child sexual abuse,Voted for rejection,2026-07-09,marcin.sypniewski@europarl.europa.eu,https://www.europarl.europa.eu/mepphoto/257070.jpg,https://www.europarl.europa.eu/meps/en/257070,https://howtheyvote.eu/votes/195775
257026,Michał SZCZERBA,Michał,SZCZERBA,Poland,POL,,EPP,European People's Party,EPP,AGAINST,Voted to fight sexual abuse online,Voted against rejection,2026-07-09,michal.szczerba@europarl.europa.eu,https://www.europarl.europa.eu/mepphoto/257026.jpg,https://www.europarl.europa.eu/meps/en/257026,https://howtheyvote.eu/votes/195775
256855,Pál SZEKERES,Pál,SZEKERES,Hungary,HUN,,PfE,Patriots for Europe,PFE,AGAINST,Voted to fight sexual abuse online,Voted against rejection,2026-07-09,pal.szekeres@europarl.europa.eu,https://www.europarl.europa.eu/mepphoto/256855.jpg,https://www.europarl.europa.eu/meps/en/256855,https://howtheyvote.eu/votes/195775
197553,Beata SZYDŁO,Beata,SZYDŁO,Poland,POL,,ECR,European Conservatives and Reformists,ECR,AGAINST,Voted to fight sexual abuse online,Voted against rejection,2026-07-09,beata.szydlo@europarl.europa.eu,https://www.europarl.europa.eu/mepphoto/197553.jpg,https://www.europarl.europa.eu/meps/en/197553,https://howtheyvote.eu/votes/195775
111412,Villy SØVNDAL,Villy,SØVNDAL,Denmark,DNK,,Greens/EFA,Greens/European Free Alliance,GREEN_EFA,FOR,Said no to action against child sexual abuse,Voted for rejection,2026-07-09,villy.sovndal@europarl.europa.eu,https://www.europarl.europa.eu/mepphoto/111412.jpg,https://www.europarl.europa.eu/meps/en/111412,https://howtheyvote.eu/votes/195775
257085,Krzysztof ŚMISZEK,Krzysztof,ŚMISZEK,Poland,POL,,S&D,Progressive Alliance of Socialists and Democrats,SD,AGAINST,Voted to fight sexual abuse online,Voted against rejection,2026-07-09,krzysztof.smiszek@europarl.europa.eu,https://www.europarl.europa.eu/mepphoto/257085.jpg,https://www.europarl.europa.eu/meps/en/257085,https://howtheyvote.eu/votes/195775
256815,Marjan ŠAREC,Marjan,ŠAREC,Slovenia,SVN,,Renew,Renew Europe,RENEW,FOR,Said no to action against child sexual abuse,Voted for rejection,2026-07-09,marjan.sarec@europarl.europa.eu,https://www.europarl.europa.eu/mepphoto/256815.jpg,https://www.europarl.europa.eu/meps/en/256815,https://howtheyvote.eu/votes/195775
58766,Nicolae ȘTEFĂNUȚĂ,Nicolae,ȘTEFĂNUȚĂ,Romania,ROU,,Greens/EFA,Greens/European Free Alliance,GREEN_EFA,FOR,Said no to action against child sexual abuse,Voted for rejection,2026-07-09,nicolae.stefanuta@europarl.europa.eu,https://www.europarl.europa.eu/mepphoto/58766.jpg,https://www.europarl.europa.eu/meps/en/58766,https://howtheyvote.eu/votes/195775
124813,Dario TAMBURRANO,Dario,TAMBURRANO,Italy,ITA,,The Left,The Left in the European Parliament,GUE_NGL,FOR,Said no to action against child sexual abuse,Voted for rejection,2026-07-09,dario.tamburrano@europarl.europa.eu,https://www.europarl.europa.eu/mepphoto/124813.jpg,https://www.europarl.europa.eu/meps/en/124813,https://howtheyvote.eu/votes/195775
204346,Dominik TARCZYŃSKI,Dominik,TARCZYŃSKI,Poland,POL,,ECR,European Conservatives and Reformists,ECR,DID_NOT_VOTE,Did not vote,Did not vote,2026-07-09,dominik.tarczynski@europarl.europa.eu,https://www.europarl.europa.eu/mepphoto/204346.jpg,https://www.europarl.europa.eu/meps/en/204346,https://howtheyvote.eu/votes/195775
257160,Marco TARQUINIO,Marco,TARQUINIO,Italy,ITA,,S&D,Progressive Alliance of Socialists and Democrats,SD,AGAINST,Voted to fight sexual abuse online,Voted against rejection,2026-07-09,marco.tarquinio@europarl.europa.eu,https://www.europarl.europa.eu/mepphoto/257160.jpg,https://www.europarl.europa.eu/meps/en/257160,https://howtheyvote.eu/votes/195775
257071,Carla TAVARES,Carla,TAVARES,Portugal,PRT,,S&D,Progressive Alliance of Socialists and Democrats,SD,AGAINST,Voted to fight sexual abuse online,Voted against rejection,2026-07-09,carla.tavares@europarl.europa.eu,https://www.europarl.europa.eu/mepphoto/257071.jpg,https://www.europarl.europa.eu/meps/en/257071,https://howtheyvote.eu/votes/195775
257050,António TÂNGER CORRÊA,António,TÂNGER CORRÊA,Portugal,PRT,,PfE,Patriots for Europe,PFE,FOR,Said no to action against child sexual abuse,Voted for rejection,2026-07-09,antonio.tangercorrea@europarl.europa.eu,https://www.europarl.europa.eu/mepphoto/257050.jpg,https://www.europarl.europa.eu/meps/en/257050,https://howtheyvote.eu/votes/195775
257114,Claudiu-Richard TÂRZIU,Claudiu-Richard,TÂRZIU,Romania,ROU,,ECR,European Conservatives and Reformists,ECR,FOR,Said no to action against child sexual abuse,Voted for rejection,2026-07-09,claudiu-richard.tarziu@europarl.europa.eu,https://www.europarl.europa.eu/mepphoto/257114.jpg,https://www.europarl.europa.eu/meps/en/257114,https://howtheyvote.eu/votes/195775
256965,Kai TEGETHOFF,Kai,TEGETHOFF,Germany,DEU,,Greens/EFA,Greens/European Free Alliance,GREEN_EFA,FOR,Said no to action against child sexual abuse,Voted for rejection,2026-07-09,kai.tegethoff@europarl.europa.eu,https://www.europarl.europa.eu/mepphoto/256965.jpg,https://www.europarl.europa.eu/meps/en/256965,https://howtheyvote.eu/votes/195775
210480,Marta TEMIDO,Marta,TEMIDO,Portugal,PRT,,S&D,Progressive Alliance of Socialists and Democrats,SD,AGAINST,Voted to fight sexual abuse online,Voted against rejection,2026-07-09,marta.temido@europarl.europa.eu,https://www.europarl.europa.eu/mepphoto/210480.jpg,https://www.europarl.europa.eu/meps/en/210480,https://howtheyvote.eu/votes/195775
257116,Georgiana TEODORESCU,Georgiana,TEODORESCU,Romania,ROU,,ECR,European Conservatives and Reformists,ECR,AGAINST,Voted to fight sexual abuse online,Voted against rejection,2026-07-09,georgiana.teodorescu@europarl.europa.eu,https://www.europarl.europa.eu/mepphoto/257116.jpg,https://www.europarl.europa.eu/meps/en/257116,https://howtheyvote.eu/votes/195775
257089,Alice TEODORESCU MÅWE,Alice,TEODORESCU MÅWE,Sweden,SWE,,EPP,European People's Party,EPP,AGAINST,Voted to fight sexual abuse online,Voted against rejection,2026-07-09,alice.teodorescumawe@europarl.europa.eu,https://www.europarl.europa.eu/mepphoto/257089.jpg,https://www.europarl.europa.eu/meps/en/257089,https://howtheyvote.eu/votes/195775
256968,Ingeborg TER LAAK,Ingeborg,TER LAAK,Netherlands,NLD,,EPP,European People's Party,EPP,AGAINST,Voted to fight sexual abuse online,Voted against rejection,2026-07-09,ingeborg.terlaak@europarl.europa.eu,https://www.europarl.europa.eu/mepphoto/256968.jpg,https://www.europarl.europa.eu/meps/en/256968,https://howtheyvote.eu/votes/195775
197655,Cristian TERHEŞ,Cristian,TERHEŞ,Romania,ROU,,ECR,European Conservatives and Reformists,ECR,FOR,Said no to action against child sexual abuse,Voted for rejection,2026-07-09,cristian.terhes@europarl.europa.eu,https://www.europarl.europa.eu/mepphoto/197655.jpg,https://www.europarl.europa.eu/meps/en/197655,https://howtheyvote.eu/votes/195775
204449,Riho TERRAS,Riho,TERRAS,Estonia,EST,,EPP,European People's Party,EPP,FOR,Said no to action against child sexual abuse,Voted for rejection,2026-07-09,riho.terras@europarl.europa.eu,https://www.europarl.europa.eu/mepphoto/204449.jpg,https://www.europarl.europa.eu/meps/en/204449,https://howtheyvote.eu/votes/195775
197831,Hermann TERTSCH,Hermann,TERTSCH,Spain,ESP,,PfE,Patriots for Europe,PFE,FOR,Said no to action against child sexual abuse,Voted for rejection,2026-07-09,hermann.tertsch@europarl.europa.eu,https://www.europarl.europa.eu/mepphoto/197831.jpg,https://www.europarl.europa.eu/meps/en/197831,https://howtheyvote.eu/votes/195775
200345,Pierre-Romain THIONNET,Pierre-Romain,THIONNET,France,FRA,,PfE,Patriots for Europe,PFE,FOR,Said no to action against child sexual abuse,Voted for rejection,2026-07-09,pierre-romain.thionnet@europarl.europa.eu,https://www.europarl.europa.eu/mepphoto/200345.jpg,https://www.europarl.europa.eu/meps/en/200345,https://howtheyvote.eu/votes/195775
257090,Beatrice TIMGREN,Beatrice,TIMGREN,Sweden,SWE,,ECR,European Conservatives and Reformists,ECR,FOR,Said no to action against child sexual abuse,Voted for rejection,2026-07-09,beatrice.timgren@europarl.europa.eu,https://www.europarl.europa.eu/mepphoto/257090.jpg,https://www.europarl.europa.eu/meps/en/257090,https://howtheyvote.eu/votes/195775
197591,Irene TINAGLI,Irene,TINAGLI,Italy,ITA,,S&D,Progressive Alliance of Socialists and Democrats,SD,DID_NOT_VOTE,Did not vote,Did not vote,2026-07-09,irene.tinagli@europarl.europa.eu,https://www.europarl.europa.eu/mepphoto/197591.jpg,https://www.europarl.europa.eu/meps/en/197591,https://howtheyvote.eu/votes/195775
256885,Bruno TOBBACK,Bruno,TOBBACK,Belgium,BEL,,S&D,Progressive Alliance of Socialists and Democrats,SD,FOR,Said no to action against child sexual abuse,Voted for rejection,2026-07-09,bruno.tobback@europarl.europa.eu,https://www.europarl.europa.eu/mepphoto/256885.jpg,https://www.europarl.europa.eu/meps/en/256885,https://howtheyvote.eu/votes/195775
197402,Tomas TOBÉ,Tomas,TOBÉ,Sweden,SWE,,EPP,European People's Party,EPP,AGAINST,Voted to fight sexual abuse online,Voted against rejection,2026-07-09,tomas.tobe@europarl.europa.eu,https://www.europarl.europa.eu/mepphoto/197402.jpg,https://www.europarl.europa.eu/meps/en/197402,https://howtheyvote.eu/votes/195775
256888,Rody TOLASSY,Rody,TOLASSY,France,FRA,,PfE,Patriots for Europe,PFE,FOR,Said no to action against child sexual abuse,Voted for rejection,2026-07-09,rody.tolassy@europarl.europa.eu,https://www.europarl.europa.eu/mepphoto/256888.jpg,https://www.europarl.europa.eu/meps/en/256888,https://howtheyvote.eu/votes/195775
197672,Eugen TOMAC,Eugen,TOMAC,Romania,ROU,,Renew,Renew Europe,RENEW,AGAINST,Voted to fight sexual abuse online,Voted against rejection,2026-07-09,eugen.tomac@europarl.europa.eu,https://www.europarl.europa.eu/mepphoto/197672.jpg,https://www.europarl.europa.eu/meps/en/197672,https://howtheyvote.eu/votes/195775
96697,Waldemar TOMASZEWSKI,Waldemar,TOMASZEWSKI,Lithuania,LTU,,ECR,European Conservatives and Reformists,ECR,AGAINST,Voted to fight sexual abuse online,Voted against rejection,2026-07-09,waldemar.tomaszewski@europarl.europa.eu,https://www.europarl.europa.eu/mepphoto/96697.jpg,https://www.europarl.europa.eu/meps/en/96697,https://howtheyvote.eu/votes/195775
125104,Romana TOMC,Romana,TOMC,Slovenia,SVN,,EPP,European People's Party,EPP,AGAINST,Voted to fight sexual abuse online,Voted against rejection,2026-07-09,romana.tomc@europarl.europa.eu,https://www.europarl.europa.eu/mepphoto/125104.jpg,https://www.europarl.europa.eu/meps/en/125104,https://howtheyvote.eu/votes/195775
219652,Matej TONIN,Matej,TONIN,Slovenia,SVN,,EPP,European People's Party,EPP,AGAINST,Voted to fight sexual abuse online,Voted against rejection,2026-07-09,matej.tonin@europarl.europa.eu,https://www.europarl.europa.eu/mepphoto/219652.jpg,https://www.europarl.europa.eu/meps/en/219652,https://howtheyvote.eu/votes/195775
124700,Jana TOOM,Jana,TOOM,Estonia,EST,,Renew,Renew Europe,RENEW,FOR,Said no to action against child sexual abuse,Voted for rejection,2026-07-09,jana.toom@europarl.europa.eu,https://www.europarl.europa.eu/mepphoto/124700.jpg,https://www.europarl.europa.eu/meps/en/124700,https://howtheyvote.eu/votes/195775
257148,Raffaele TOPO,Raffaele,TOPO,Italy,ITA,,S&D,Progressive Alliance of Socialists and Democrats,SD,FOR,Said no to action against child sexual abuse,Voted for rejection,2026-07-09,raffaele.topo@europarl.europa.eu,https://www.europarl.europa.eu/mepphoto/257148.jpg,https://www.europarl.europa.eu/meps/en/257148,https://howtheyvote.eu/votes/195775
257163,Francesco TORSELLI,Francesco,TORSELLI,Italy,ITA,,ECR,European Conservatives and Reformists,ECR,FOR,Said no to action against child sexual abuse,Voted for rejection,2026-07-09,francesco.torselli@europarl.europa.eu,https://www.europarl.europa.eu/mepphoto/257163.jpg,https://www.europarl.europa.eu/meps/en/257163,https://howtheyvote.eu/votes/195775
124795,Flavio TOSI,Flavio,TOSI,Italy,ITA,,EPP,European People's Party,EPP,AGAINST,Voted to fight sexual abuse online,Voted against rejection,2026-07-09,flavio.tosi@europarl.europa.eu,https://www.europarl.europa.eu/mepphoto/124795.jpg,https://www.europarl.europa.eu/meps/en/124795,https://howtheyvote.eu/votes/195775
97236,Marie TOUSSAINT,Marie,TOUSSAINT,France,FRA,,Greens/EFA,Greens/European Free Alliance,GREEN_EFA,FOR,Said no to action against child sexual abuse,Voted for rejection,2026-07-09,marie.toussaint@europarl.europa.eu,https://www.europarl.europa.eu/mepphoto/97236.jpg,https://www.europarl.europa.eu/meps/en/97236,https://howtheyvote.eu/votes/195775
197580,Isabella TOVAGLIERI,Isabella,TOVAGLIERI,Italy,ITA,,PfE,Patriots for Europe,PFE,FOR,Said no to action against child sexual abuse,Voted for rejection,2026-07-09,isabella.tovaglieri@europarl.europa.eu,https://www.europarl.europa.eu/mepphoto/197580.jpg,https://www.europarl.europa.eu/meps/en/197580,https://howtheyvote.eu/votes/195775
256804,Pekka TOVERI,Pekka,TOVERI,Finland,FIN,,EPP,European People's Party,EPP,AGAINST,Voted to fight sexual abuse online,Voted against rejection,2026-07-09,pekka.toveri@europarl.europa.eu,https://www.europarl.europa.eu/mepphoto/256804.jpg,https://www.europarl.europa.eu/meps/en/256804,https://howtheyvote.eu/votes/195775
275087,Georgia TRAMACERE,Georgia,TRAMACERE,Italy,ITA,,S&D,Progressive Alliance of Socialists and Democrats,SD,AGAINST,Voted to fight sexual abuse online,Voted against rejection,2026-07-09,georgia.tramacere@europarl.europa.eu,https://www.europarl.europa.eu/mepphoto/275087.jpg,https://www.europarl.europa.eu/meps/en/275087,https://howtheyvote.eu/votes/195775
257133,Pasquale TRIDICO,Pasquale,TRIDICO,Italy,ITA,,The Left,The Left in the European Parliament,GUE_NGL,FOR,Said no to action against child sexual abuse,Voted for rejection,2026-07-09,pasquale.tridico@europarl.europa.eu,https://www.europarl.europa.eu/mepphoto/257133.jpg,https://www.europarl.europa.eu/meps/en/257133,https://howtheyvote.eu/votes/195775
256925,Laurence TROCHU,Laurence,TROCHU,France,FRA,,ECR,European Conservatives and Reformists,ECR,FOR,Said no to action against child sexual abuse,Voted for rejection,2026-07-09,laurence.trochu@europarl.europa.eu,https://www.europarl.europa.eu/mepphoto/256925.jpg,https://www.europarl.europa.eu/meps/en/256925,https://howtheyvote.eu/votes/195775
256950,Dimitris TSIODRAS,Dimitris,TSIODRAS,Greece,GRC,,EPP,European People's Party,EPP,AGAINST,Voted to fight sexual abuse online,Voted against rejection,2026-07-09,dimitrios.tsiodras@europarl.europa.eu,https://www.europarl.europa.eu/mepphoto/256950.jpg,https://www.europarl.europa.eu/meps/en/256950,https://howtheyvote.eu/votes/195775
198183,Mihai TUDOSE,Mihai,TUDOSE,Romania,ROU,,S&D,Progressive Alliance of Socialists and Democrats,SD,DID_NOT_VOTE,Did not vote,Did not vote,2026-07-09,mihai.tudose@europarl.europa.eu,https://www.europarl.europa.eu/mepphoto/198183.jpg,https://www.europarl.europa.eu/meps/en/198183,https://howtheyvote.eu/votes/195775
256806,Sebastian TYNKKYNEN,Sebastian,TYNKKYNEN,Finland,FIN,,ECR,European Conservatives and Reformists,ECR,FOR,Said no to action against child sexual abuse,Voted for rejection,2026-07-09,sebastian.tynkkynen@europarl.europa.eu,https://www.europarl.europa.eu/mepphoto/256806.jpg,https://www.europarl.europa.eu/meps/en/256806,https://howtheyvote.eu/votes/195775
257062,Stanisław TYSZKA,Stanisław,TYSZKA,Poland,POL,,ESN,Europe of Sovereign Nations,ESN,FOR,Said no to action against child sexual abuse,Voted for rejection,2026-07-09,stanislaw.tyszka@europarl.europa.eu,https://www.europarl.europa.eu/mepphoto/257062.jpg,https://www.europarl.europa.eu/meps/en/257062,https://howtheyvote.eu/votes/195775
197763,Milan UHRÍK,Milan,UHRÍK,Slovakia,SVK,,ESN,Europe of Sovereign Nations,ESN,FOR,Said no to action against child sexual abuse,Voted for rejection,2026-07-09,milan.uhrik@europarl.europa.eu,https://www.europarl.europa.eu/mepphoto/197763.jpg,https://www.europarl.europa.eu/meps/en/197763,https://howtheyvote.eu/votes/195775
197810,Nils UŠAKOVS,Nils,UŠAKOVS,Latvia,LVA,,S&D,Progressive Alliance of Socialists and Democrats,SD,DID_NOT_VOTE,Did not vote,Did not vote,2026-07-09,nils.usakovs@europarl.europa.eu,https://www.europarl.europa.eu/mepphoto/197810.jpg,https://www.europarl.europa.eu/meps/en/197810,https://howtheyvote.eu/votes/195775
28617,Inese VAIDERE,Inese,VAIDERE,Latvia,LVA,,EPP,European People's Party,EPP,AGAINST,Voted to fight sexual abuse online,Voted against rejection,2026-07-09,inese.vaidere@europarl.europa.eu,https://www.europarl.europa.eu/mepphoto/28617.jpg,https://www.europarl.europa.eu/meps/en/28617,https://howtheyvote.eu/votes/195775
257258,Ivaylo VALCHEV,Ivaylo,VALCHEV,Bulgaria,BGR,,ECR,European Conservatives and Reformists,ECR,FOR,Said no to action against child sexual abuse,Voted for rejection,2026-07-09,ivaylo.valchev@europarl.europa.eu,https://www.europarl.europa.eu/mepphoto/257258.jpg,https://www.europarl.europa.eu/meps/en/257258,https://howtheyvote.eu/votes/195775
256875,Matthieu VALET,Matthieu,VALET,France,FRA,,PfE,Patriots for Europe,PFE,FOR,Said no to action against child sexual abuse,Voted for rejection,2026-07-09,matthieu.valet@europarl.europa.eu,https://www.europarl.europa.eu/mepphoto/256875.jpg,https://www.europarl.europa.eu/meps/en/256875,https://howtheyvote.eu/votes/195775
5729,Kathleen VAN BREMPT,Kathleen,VAN BREMPT,Belgium,BEL,,S&D,Progressive Alliance of Socialists and Democrats,SD,FOR,Said no to action against child sexual abuse,Voted for rejection,2026-07-09,kathleen.vanbrempt@europarl.europa.eu,https://www.europarl.europa.eu/mepphoto/5729.jpg,https://www.europarl.europa.eu/meps/en/5729,https://howtheyvote.eu/votes/195775
257438,Anouk VAN BRUG,Anouk,VAN BRUG,Netherlands,NLD,,Renew,Renew Europe,RENEW,FOR,Said no to action against child sexual abuse,Voted for rejection,2026-07-09,anouk.vanbrug@europarl.europa.eu,https://www.europarl.europa.eu/mepphoto/257438.jpg,https://www.europarl.europa.eu/meps/en/257438,https://howtheyvote.eu/votes/195775
256976,Brigitte VAN DEN BERG,Brigitte,VAN DEN BERG,Netherlands,NLD,,Renew,Renew Europe,RENEW,DID_NOT_VOTE,Did not vote,Did not vote,2026-07-09,brigitte.vandenberg@europarl.europa.eu,https://www.europarl.europa.eu/mepphoto/256976.jpg,https://www.europarl.europa.eu/meps/en/256976,https://howtheyvote.eu/votes/195775
256884,Kris VAN DIJCK,Kris,VAN DIJCK,Belgium,BEL,,ECR,European Conservatives and Reformists,ECR,AGAINST,Voted to fight sexual abuse online,Voted against rejection,2026-07-09,kris.vandijck@europarl.europa.eu,https://www.europarl.europa.eu/mepphoto/256884.jpg,https://www.europarl.europa.eu/meps/en/256884,https://howtheyvote.eu/votes/195775
256978,Reinier VAN LANSCHOT,Reinier,VAN LANSCHOT,Netherlands,NLD,,Greens/EFA,Greens/European Free Alliance,GREEN_EFA,FOR,Said no to action against child sexual abuse,Voted for rejection,2026-07-09,reinier.vanlanschot@europarl.europa.eu,https://www.europarl.europa.eu/mepphoto/256978.jpg,https://www.europarl.europa.eu/meps/en/256978,https://howtheyvote.eu/votes/195775
256983,Jessika VAN LEEUWEN,Jessika,VAN LEEUWEN,Netherlands,NLD,,ECR,European Conservatives and Reformists,ECR,FOR,Said no to action against child sexual abuse,Voted for rejection,2026-07-09,jessika.vanleeuwen@europarl.europa.eu,https://www.europarl.europa.eu/mepphoto/256983.jpg,https://www.europarl.europa.eu/meps/en/256983,https://howtheyvote.eu/votes/195775
125106,Johan VAN OVERTVELDT,Johan,VAN OVERTVELDT,Belgium,BEL,,ECR,European Conservatives and Reformists,ECR,DID_NOT_VOTE,Did not vote,Did not vote,2026-07-09,johan.vanovertveldt@europarl.europa.eu,https://www.europarl.europa.eu/mepphoto/125106.jpg,https://www.europarl.europa.eu/meps/en/125106,https://howtheyvote.eu/votes/195775
197870,Kim VAN SPARRENTAK,Kim,VAN SPARRENTAK,Netherlands,NLD,,Greens/EFA,Greens/European Free Alliance,GREEN_EFA,DID_NOT_VOTE,Did not vote,Did not vote,2026-07-09,kim.vansparrentak@europarl.europa.eu,https://www.europarl.europa.eu/mepphoto/197870.jpg,https://www.europarl.europa.eu/meps/en/197870,https://howtheyvote.eu/votes/195775
185771,Tom VANDENDRIESSCHE,Tom,VANDENDRIESSCHE,Belgium,BEL,,PfE,Patriots for Europe,PFE,FOR,Said no to action against child sexual abuse,Voted for rejection,2026-07-09,tom.vandendriessche@europarl.europa.eu,https://www.europarl.europa.eu/mepphoto/185771.jpg,https://www.europarl.europa.eu/meps/en/185771,https://howtheyvote.eu/votes/195775
257125,Roberto VANNACCI,Roberto,VANNACCI,Italy,ITA,,ESN,Europe of Sovereign Nations,ESN,FOR,Said no to action against child sexual abuse,Voted for rejection,2026-07-09,roberto.vannacci@europarl.europa.eu,https://www.europarl.europa.eu/mepphoto/257125.jpg,https://www.europarl.europa.eu/meps/en/257125,https://howtheyvote.eu/votes/195775
5736,Alexandre VARAUT,Alexandre,VARAUT,France,FRA,,PfE,Patriots for Europe,PFE,DID_NOT_VOTE,Did not vote,Did not vote,2026-07-09,alexandre.varaut@europarl.europa.eu,https://www.europarl.europa.eu/mepphoto/5736.jpg,https://www.europarl.europa.eu/meps/en/5736,https://howtheyvote.eu/votes/195775
257061,Ana VASCONCELOS,Ana,VASCONCELOS,Portugal,PRT,,Renew,Renew Europe,RENEW,FOR,Said no to action against child sexual abuse,Voted for rejection,2026-07-09,ana.vasconcelos@europarl.europa.eu,https://www.europarl.europa.eu/mepphoto/257061.jpg,https://www.europarl.europa.eu/meps/en/257061,https://howtheyvote.eu/votes/195775
257112,Vlad VASILE-VOICULESCU,Vlad,VASILE-VOICULESCU,Romania,ROU,,Renew,Renew Europe,RENEW,FOR,Said no to action against child sexual abuse,Voted for rejection,2026-07-09,vlad.voiculescu@europarl.europa.eu,https://www.europarl.europa.eu/mepphoto/257112.jpg,https://www.europarl.europa.eu/meps/en/257112,https://howtheyvote.eu/votes/195775
130100,Hilde VAUTMANS,Hilde,VAUTMANS,Belgium,BEL,,Renew,Renew Europe,RENEW,FOR,Said no to action against child sexual abuse,Voted for rejection,2026-07-09,hilde.vautmans@europarl.europa.eu,https://www.europarl.europa.eu/mepphoto/130100.jpg,https://www.europarl.europa.eu/meps/en/130100,https://howtheyvote.eu/votes/195775
204400,Adrián VÁZQUEZ LÁZARA,Adrián,VÁZQUEZ LÁZARA,Spain,ESP,,EPP,European People's Party,EPP,AGAINST,Voted to fight sexual abuse online,Voted against rejection,2026-07-09,adrian.vazquezlazara@europarl.europa.eu,https://www.europarl.europa.eu/mepphoto/204400.jpg,https://www.europarl.europa.eu/meps/en/204400,https://howtheyvote.eu/votes/195775
37324,Adina VĂLEAN,Adina,VĂLEAN,Romania,ROU,,EPP,European People's Party,EPP,AGAINST,Voted to fight sexual abuse online,Voted against rejection,2026-07-09,adina.valean@europarl.europa.eu,https://www.europarl.europa.eu/mepphoto/37324.jpg,https://www.europarl.europa.eu/meps/en/37324,https://howtheyvote.eu/votes/195775
257099,Francesco VENTOLA,Francesco,VENTOLA,Italy,ITA,,ECR,European Conservatives and Reformists,ECR,DID_NOT_VOTE,Did not vote,Did not vote,2026-07-09,francesco.ventola@europarl.europa.eu,https://www.europarl.europa.eu/mepphoto/257099.jpg,https://www.europarl.europa.eu/meps/en/257099,https://howtheyvote.eu/votes/195775
96756,Sabine VERHEYEN,Sabine,VERHEYEN,Germany,DEU,,EPP,European People's Party,EPP,AGAINST,Voted to fight sexual abuse online,Voted against rejection,2026-07-09,sabine.verheyen@europarl.europa.eu,https://www.europarl.europa.eu/mepphoto/96756.jpg,https://www.europarl.europa.eu/meps/en/96756,https://howtheyvote.eu/votes/195775
256879,Yvan VEROUGSTRAETE,Yvan,VEROUGSTRAETE,Belgium,BEL,,Renew,Renew Europe,RENEW,AGAINST,Voted to fight sexual abuse online,Voted against rejection,2026-07-09,yvan.verougstraete@europarl.europa.eu,https://www.europarl.europa.eu/mepphoto/256879.jpg,https://www.europarl.europa.eu/meps/en/256879,https://howtheyvote.eu/votes/195775
256811,Aurelijus VERYGA,Aurelijus,VERYGA,Lithuania,LTU,,ECR,European Conservatives and Reformists,ECR,AGAINST,Voted to fight sexual abuse online,Voted against rejection,2026-07-09,aurelijus.veryga@europarl.europa.eu,https://www.europarl.europa.eu/mepphoto/256811.jpg,https://www.europarl.europa.eu/meps/en/256811,https://howtheyvote.eu/votes/195775
260035,Marko VEŠLIGAJ,Marko,VEŠLIGAJ,Croatia,HRV,,S&D,Progressive Alliance of Socialists and Democrats,SD,FOR,Said no to action against child sexual abuse,Voted for rejection,2026-07-09,marko.vesligaj@europarl.europa.eu,https://www.europarl.europa.eu/mepphoto/260035.jpg,https://www.europarl.europa.eu/meps/en/260035,https://howtheyvote.eu/votes/195775
256859,Annamária VICSEK,Annamária,VICSEK,Hungary,HUN,,PfE,Patriots for Europe,PFE,AGAINST,Voted to fight sexual abuse online,Voted against rejection,2026-07-09,annamaria.vicsek@europarl.europa.eu,https://www.europarl.europa.eu/mepphoto/256859.jpg,https://www.europarl.europa.eu/meps/en/256859,https://howtheyvote.eu/votes/195775
257437,Catarina VIEIRA,Catarina,VIEIRA,Netherlands,NLD,,Greens/EFA,Greens/European Free Alliance,GREEN_EFA,FOR,Said no to action against child sexual abuse,Voted for rejection,2026-07-09,Catarina.VIEIRA@europarl.europa.eu,https://www.europarl.europa.eu/mepphoto/257437.jpg,https://www.europarl.europa.eu/meps/en/257437,https://howtheyvote.eu/votes/195775
34232,Kristian VIGENIN,Kristian,VIGENIN,Bulgaria,BGR,,S&D,Progressive Alliance of Socialists and Democrats,SD,FOR,Said no to action against child sexual abuse,Voted for rejection,2026-07-09,kristian.vigenin@europarl.europa.eu,https://www.europarl.europa.eu/mepphoto/34232.jpg,https://www.europarl.europa.eu/meps/en/34232,https://howtheyvote.eu/votes/195775
125001,Harald VILIMSKY,Harald,VILIMSKY,Austria,AUT,,PfE,Patriots for Europe,PFE,FOR,Said no to action against child sexual abuse,Voted for rejection,2026-07-09,harald.vilimsky@europarl.europa.eu,https://www.europarl.europa.eu/mepphoto/125001.jpg,https://www.europarl.europa.eu/meps/en/125001,https://howtheyvote.eu/votes/195775
98582,Loránt VINCZE,Loránt,VINCZE,Romania,ROU,,EPP,European People's Party,EPP,AGAINST,Voted to fight sexual abuse online,Voted against rejection,2026-07-09,lorant.vincze@europarl.europa.eu,https://www.europarl.europa.eu/mepphoto/98582.jpg,https://www.europarl.europa.eu/meps/en/98582,https://howtheyvote.eu/votes/195775
199941,Marianne VIND,Marianne,VIND,Denmark,DNK,,S&D,Progressive Alliance of Socialists and Democrats,SD,AGAINST,Voted to fight sexual abuse online,Voted against rejection,2026-07-09,marianne.vind@europarl.europa.eu,https://www.europarl.europa.eu/mepphoto/199941.jpg,https://www.europarl.europa.eu/meps/en/199941,https://howtheyvote.eu/votes/195775
257143,Mariateresa VIVALDINI,Mariateresa,VIVALDINI,Italy,ITA,,ECR,European Conservatives and Reformists,ECR,FOR,Said no to action against child sexual abuse,Voted for rejection,2026-07-09,mariateresa.vivaldini@europarl.europa.eu,https://www.europarl.europa.eu/mepphoto/257143.jpg,https://www.europarl.europa.eu/meps/en/257143,https://howtheyvote.eu/votes/195775
257260,Petar VOLGIN,Petar,VOLGIN,Bulgaria,BGR,,ESN,Europe of Sovereign Nations,ESN,FOR,Said no to action against child sexual abuse,Voted for rejection,2026-07-09,petar.volgin@europarl.europa.eu,https://www.europarl.europa.eu/mepphoto/257260.jpg,https://www.europarl.europa.eu/meps/en/257260,https://howtheyvote.eu/votes/195775
256966,Michael VON DER SCHULENBURG,Michael,VON DER SCHULENBURG,Germany,DEU,,Non-attached,Non-attached Members,NI,FOR,Said no to action against child sexual abuse,Voted for rejection,2026-07-09,michael.vonderschulenburg@europarl.europa.eu,https://www.europarl.europa.eu/mepphoto/256966.jpg,https://www.europarl.europa.eu/meps/en/256966,https://howtheyvote.eu/votes/195775
197537,Alexandr VONDRA,Alexandr,VONDRA,Czechia,CZE,,ECR,European Conservatives and Reformists,ECR,DID_NOT_VOTE,Did not vote,Did not vote,2026-07-09,alexandr.vondra@europarl.europa.eu,https://www.europarl.europa.eu/mepphoto/197537.jpg,https://www.europarl.europa.eu/meps/en/197537,https://howtheyvote.eu/votes/195775
96761,Axel VOSS,Axel,VOSS,Germany,DEU,,EPP,European People's Party,EPP,AGAINST,Voted to fight sexual abuse online,Voted against rejection,2026-07-09,axel.voss@europarl.europa.eu,https://www.europarl.europa.eu/mepphoto/96761.jpg,https://www.europarl.europa.eu/meps/en/96761,https://howtheyvote.eu/votes/195775
125065,Elissavet VOZEMBERG-VRIONIDI,Elissavet,VOZEMBERG-VRIONIDI,Greece,GRC,,EPP,European People's Party,EPP,AGAINST,Voted to fight sexual abuse online,Voted against rejection,2026-07-09,elissavet.vozemberg@europarl.europa.eu,https://www.europarl.europa.eu/mepphoto/125065.jpg,https://www.europarl.europa.eu/meps/en/125065,https://howtheyvote.eu/votes/195775
197552,Veronika VRECIONOVÁ,Veronika,VRECIONOVÁ,Czechia,CZE,,ECR,European Conservatives and Reformists,ECR,DID_NOT_VOTE,Did not vote,Did not vote,2026-07-09,veronika.vrecionova@europarl.europa.eu,https://www.europarl.europa.eu/mepphoto/197552.jpg,https://www.europarl.europa.eu/meps/en/197552,https://howtheyvote.eu/votes/195775
190464,Thomas WAITZ,Thomas,WAITZ,Austria,AUT,,Greens/EFA,Greens/European Free Alliance,GREEN_EFA,FOR,Said no to action against child sexual abuse,Voted for rejection,2026-07-09,thomas.waitz@europarl.europa.eu,https://www.europarl.europa.eu/mepphoto/190464.jpg,https://www.europarl.europa.eu/meps/en/190464,https://howtheyvote.eu/votes/195775
197863,Maria WALSH,Maria,WALSH,Ireland,IRL,,EPP,European People's Party,EPP,AGAINST,Voted to fight sexual abuse online,Voted against rejection,2026-07-09,maria.walsh@europarl.europa.eu,https://www.europarl.europa.eu/mepphoto/197863.jpg,https://www.europarl.europa.eu/meps/en/197863,https://howtheyvote.eu/votes/195775
197429,Marion WALSMANN,Marion,WALSMANN,Germany,DEU,,EPP,European People's Party,EPP,AGAINST,Voted to fight sexual abuse online,Voted against rejection,2026-07-09,marionerika.walsmann@europarl.europa.eu,https://www.europarl.europa.eu/mepphoto/197429.jpg,https://www.europarl.europa.eu/meps/en/197429,https://howtheyvote.eu/votes/195775
197405,Jörgen WARBORN,Jörgen,WARBORN,Sweden,SWE,,EPP,European People's Party,EPP,AGAINST,Voted to fight sexual abuse online,Voted against rejection,2026-07-09,jorgen.warborn@europarl.europa.eu,https://www.europarl.europa.eu/mepphoto/197405.jpg,https://www.europarl.europa.eu/meps/en/197405,https://howtheyvote.eu/votes/195775
256967,Jan-Peter WARNKE,Jan-Peter,WARNKE,Germany,DEU,,Non-attached,Non-attached Members,NI,FOR,Said no to action against child sexual abuse,Voted for rejection,2026-07-09,jan-peter.warnke@europarl.europa.eu,https://www.europarl.europa.eu/mepphoto/256967.jpg,https://www.europarl.europa.eu/meps/en/256967,https://howtheyvote.eu/votes/195775
257045,Michał WAWRYKIEWICZ,Michał,WAWRYKIEWICZ,Poland,POL,,EPP,European People's Party,EPP,AGAINST,Voted to fight sexual abuse online,Voted against rejection,2026-07-09,michal.wawrykiewicz@europarl.europa.eu,https://www.europarl.europa.eu/mepphoto/257045.jpg,https://www.europarl.europa.eu/meps/en/257045,https://howtheyvote.eu/votes/195775
257052,Maciej WĄSIK,Maciej,WĄSIK,Poland,POL,,ECR,European Conservatives and Reformists,ECR,AGAINST,Voted to fight sexual abuse online,Voted against rejection,2026-07-09,maciej.wasik@europarl.europa.eu,https://www.europarl.europa.eu/mepphoto/257052.jpg,https://www.europarl.europa.eu/meps/en/257052,https://howtheyvote.eu/votes/195775
257046,Marta WCISŁO,Marta,WCISŁO,Poland,POL,,EPP,European People's Party,EPP,AGAINST,Voted to fight sexual abuse online,Voted against rejection,2026-07-09,marta.wcislo@europarl.europa.eu,https://www.europarl.europa.eu/mepphoto/257046.jpg,https://www.europarl.europa.eu/meps/en/257046,https://howtheyvote.eu/votes/195775
28229,Manfred WEBER,Manfred,WEBER,Germany,DEU,,EPP,European People's Party,EPP,AGAINST,Voted to fight sexual abuse online,Voted against rejection,2026-07-09,manfred.weber@europarl.europa.eu,https://www.europarl.europa.eu/mepphoto/28229.jpg,https://www.europarl.europa.eu/meps/en/28229,https://howtheyvote.eu/votes/195775
256977,Andrea WECHSLER,Andrea,WECHSLER,Germany,DEU,,EPP,European People's Party,EPP,AGAINST,Voted to fight sexual abuse online,Voted against rejection,2026-07-09,andrea.wechsler@europarl.europa.eu,https://www.europarl.europa.eu/mepphoto/256977.jpg,https://www.europarl.europa.eu/meps/en/256977,https://howtheyvote.eu/votes/195775
123562,Charlie WEIMERS,Charlie,WEIMERS,Sweden,SWE,,ECR,European Conservatives and Reformists,ECR,FOR,Said no to action against child sexual abuse,Voted for rejection,2026-07-09,charlie.weimers@europarl.europa.eu,https://www.europarl.europa.eu/mepphoto/123562.jpg,https://www.europarl.europa.eu/meps/en/123562,https://howtheyvote.eu/votes/195775
260695,Viktor WEISZ,Viktor,WEISZ,Hungary,HUN,,EPP,European People's Party,EPP,AGAINST,Voted to fight sexual abuse online,Voted against rejection,2026-07-09,viktor.weisz@europarl.europa.eu,https://www.europarl.europa.eu/mepphoto/260695.jpg,https://www.europarl.europa.eu/meps/en/260695,https://howtheyvote.eu/votes/195775
261796,Séverine WERBROUCK,Séverine,WERBROUCK,France,FRA,,PfE,Patriots for Europe,PFE,DID_NOT_VOTE,Did not vote,Did not vote,2026-07-09,severine.werbrouck@europarl.europa.eu,https://www.europarl.europa.eu/mepphoto/261796.jpg,https://www.europarl.europa.eu/meps/en/261796,https://howtheyvote.eu/votes/195775
214839,Emma WIESNER,Emma,WIESNER,Sweden,SWE,,Renew,Renew Europe,RENEW,AGAINST,Voted to fight sexual abuse online,Voted against rejection,2026-07-09,emma.wiesner@europarl.europa.eu,https://www.europarl.europa.eu/mepphoto/214839.jpg,https://www.europarl.europa.eu/meps/en/214839,https://howtheyvote.eu/votes/195775
197769,Michal WIEZIK,Michal,WIEZIK,Slovakia,SVK,,Renew,Renew Europe,RENEW,FOR,Said no to action against child sexual abuse,Voted for rejection,2026-07-09,michal.wiezik@europarl.europa.eu,https://www.europarl.europa.eu/mepphoto/197769.jpg,https://www.europarl.europa.eu/meps/en/197769,https://howtheyvote.eu/votes/195775
220801,Sophie WILMÈS,Sophie,WILMÈS,Belgium,BEL,,Renew,Renew Europe,RENEW,DID_NOT_VOTE,Did not vote,Did not vote,2026-07-09,sophie.wilmes@europarl.europa.eu,https://www.europarl.europa.eu/mepphoto/220801.jpg,https://www.europarl.europa.eu/meps/en/220801,https://howtheyvote.eu/votes/195775
39725,Iuliu WINKLER,Iuliu,WINKLER,Romania,ROU,,EPP,European People's Party,EPP,AGAINST,Voted to fight sexual abuse online,Voted against rejection,2026-07-09,iuliu.winkler@europarl.europa.eu,https://www.europarl.europa.eu/mepphoto/39725.jpg,https://www.europarl.europa.eu/meps/en/39725,https://howtheyvote.eu/votes/195775
197652,Angelika WINZIG,Angelika,WINZIG,Austria,AUT,,EPP,European People's Party,EPP,AGAINST,Voted to fight sexual abuse online,Voted against rejection,2026-07-09,angelika.winzig@europarl.europa.eu,https://www.europarl.europa.eu/mepphoto/197652.jpg,https://www.europarl.europa.eu/meps/en/197652,https://howtheyvote.eu/votes/195775
197421,Isabel WISELER-LIMA,Isabel,WISELER-LIMA,Luxembourg,LUX,,EPP,European People's Party,EPP,FOR,Said no to action against child sexual abuse,Voted for rejection,2026-07-09,isabel.wiseler@europarl.europa.eu,https://www.europarl.europa.eu/mepphoto/197421.jpg,https://www.europarl.europa.eu/meps/en/197421,https://howtheyvote.eu/votes/195775
124877,Jadwiga WIŚNIEWSKA,Jadwiga,WIŚNIEWSKA,Poland,POL,,ECR,European Conservatives and Reformists,ECR,AGAINST,Voted to fight sexual abuse online,Voted against rejection,2026-07-09,jadwiga.wisniewska@europarl.europa.eu,https://www.europarl.europa.eu/mepphoto/124877.jpg,https://www.europarl.europa.eu/meps/en/124877,https://howtheyvote.eu/votes/195775
5392,Lara WOLTERS,Lara,WOLTERS,Netherlands,NLD,,S&D,Progressive Alliance of Socialists and Democrats,SD,FOR,Said no to action against child sexual abuse,Voted for rejection,2026-07-09,lara.wolters@europarl.europa.eu,https://www.europarl.europa.eu/mepphoto/5392.jpg,https://www.europarl.europa.eu/meps/en/5392,https://howtheyvote.eu/votes/195775
185619,Tiemo WÖLKEN,Tiemo,WÖLKEN,Germany,DEU,,S&D,Progressive Alliance of Socialists and Democrats,SD,FOR,Said no to action against child sexual abuse,Voted for rejection,2026-07-09,tiemo.woelken@europarl.europa.eu,https://www.europarl.europa.eu/mepphoto/185619.jpg,https://www.europarl.europa.eu/meps/en/185619,https://howtheyvote.eu/votes/195775
257011,Lucia YAR,Lucia,YAR,Slovakia,SVK,,Renew,Renew Europe,RENEW,FOR,Said no to action against child sexual abuse,Voted for rejection,2026-07-09,lucia.yar@europarl.europa.eu,https://www.europarl.europa.eu/mepphoto/257011.jpg,https://www.europarl.europa.eu/meps/en/257011,https://howtheyvote.eu/votes/195775
197581,Stéphanie YON-COURTIN,Stéphanie,YON-COURTIN,France,FRA,,Renew,Renew Europe,RENEW,DID_NOT_VOTE,Did not vote,Did not vote,2026-07-09,stephanie.yon@europarl.europa.eu,https://www.europarl.europa.eu/mepphoto/197581.jpg,https://www.europarl.europa.eu/meps/en/197581,https://howtheyvote.eu/votes/195775
197842,Elena YONCHEVA,Elena,YONCHEVA,Bulgaria,BGR,,ECR,European Conservatives and Reformists,ECR,DID_NOT_VOTE,Did not vote,Did not vote,2026-07-09,elena.yoncheva@europarl.europa.eu,https://www.europarl.europa.eu/mepphoto/197842.jpg,https://www.europarl.europa.eu/meps/en/197842,https://howtheyvote.eu/votes/195775
256955,Maria ZACHARIA,Maria,ZACHARIA,Greece,GRC,,Non-attached,Non-attached Members,NI,FOR,Said no to action against child sexual abuse,Voted for rejection,2026-07-09,maria.zacharia@europarl.europa.eu,https://www.europarl.europa.eu/mepphoto/256955.jpg,https://www.europarl.europa.eu/meps/en/256955,https://howtheyvote.eu/votes/195775
257069,Ewa ZAJĄCZKOWSKA-HERNIK,Ewa,ZAJĄCZKOWSKA-HERNIK,Poland,POL,,PfE,Patriots for Europe,PFE,FOR,Said no to action against child sexual abuse,Voted for rejection,2026-07-09,ewa.zajaczkowska-hernik@europarl.europa.eu,https://www.europarl.europa.eu/mepphoto/257069.jpg,https://www.europarl.europa.eu/meps/en/257069,https://howtheyvote.eu/votes/195775
197572,Anna ZALEWSKA,Anna,ZALEWSKA,Poland,POL,,ECR,European Conservatives and Reformists,ECR,DID_NOT_VOTE,Did not vote,Did not vote,2026-07-09,anna.zalewska@europarl.europa.eu,https://www.europarl.europa.eu/mepphoto/197572.jpg,https://www.europarl.europa.eu/meps/en/197572,https://howtheyvote.eu/votes/195775
257106,Alessandro ZAN,Alessandro,ZAN,Italy,ITA,,S&D,Progressive Alliance of Socialists and Democrats,SD,FOR,Said no to action against child sexual abuse,Voted for rejection,2026-07-09,alessandro.zan@europarl.europa.eu,https://www.europarl.europa.eu/mepphoto/257106.jpg,https://www.europarl.europa.eu/meps/en/257106,https://howtheyvote.eu/votes/195775
197606,Javier ZARZALEJOS,Javier,ZARZALEJOS,Spain,ESP,,EPP,European People's Party,EPP,AGAINST,Voted to fight sexual abuse online,Voted against rejection,2026-07-09,javier.zarzalejos@europarl.europa.eu,https://www.europarl.europa.eu/mepphoto/197606.jpg,https://www.europarl.europa.eu/meps/en/197606,https://howtheyvote.eu/votes/195775
124713,Tomáš ZDECHOVSKÝ,Tomáš,ZDECHOVSKÝ,Czechia,CZE,,EPP,European People's Party,EPP,AGAINST,Voted to fight sexual abuse online,Voted against rejection,2026-07-09,tomas.zdechovsky@europarl.europa.eu,https://www.europarl.europa.eu/mepphoto/124713.jpg,https://www.europarl.europa.eu/meps/en/124713,https://howtheyvote.eu/votes/195775
124893,Bogdan Andrzej ZDROJEWSKI,Bogdan Andrzej,ZDROJEWSKI,Poland,POL,,EPP,European People's Party,EPP,AGAINST,Voted to fight sexual abuse online,Voted against rejection,2026-07-09,bogdan.zdrojewski@europarl.europa.eu,https://www.europarl.europa.eu/mepphoto/124893.jpg,https://www.europarl.europa.eu/meps/en/124893,https://howtheyvote.eu/votes/195775
103246,Auke ZIJLSTRA,Auke,ZIJLSTRA,Netherlands,NLD,,PfE,Patriots for Europe,PFE,FOR,Said no to action against child sexual abuse,Voted for rejection,2026-07-09,auke.zijlstra@europarl.europa.eu,https://www.europarl.europa.eu/mepphoto/103246.jpg,https://www.europarl.europa.eu/meps/en/103246,https://howtheyvote.eu/votes/195775
28419,Nicola ZINGARETTI,Nicola,ZINGARETTI,Italy,ITA,,S&D,Progressive Alliance of Socialists and Democrats,SD,DID_NOT_VOTE,Did not vote,Did not vote,2026-07-09,nicola.zingaretti@europarl.europa.eu,https://www.europarl.europa.eu/mepphoto/28419.jpg,https://www.europarl.europa.eu/meps/en/28419,https://howtheyvote.eu/votes/195775
28615,Roberts ZĪLE,Roberts,ZĪLE,Latvia,LVA,,ECR,European Conservatives and Reformists,ECR,AGAINST,Voted to fight sexual abuse online,Voted against rejection,2026-07-09,roberts.zile@europarl.europa.eu,https://www.europarl.europa.eu/mepphoto/28615.jpg,https://www.europarl.europa.eu/meps/en/28615,https://howtheyvote.eu/votes/195775
197621,Juan Ignacio ZOIDO ÁLVAREZ,Juan Ignacio,ZOIDO ÁLVAREZ,Spain,ESP,,EPP,European People's Party,EPP,AGAINST,Voted to fight sexual abuse online,Voted against rejection,2026-07-09,juanignacio.zoidoalvarez@europarl.europa.eu,https://www.europarl.europa.eu/mepphoto/197621.jpg,https://www.europarl.europa.eu/meps/en/197621,https://howtheyvote.eu/votes/195775
185341,Željana ZOVKO,Željana,ZOVKO,Croatia,HRV,,EPP,European People's Party,EPP,AGAINST,Voted to fight sexual abuse online,Voted against rejection,2026-07-09,zeljana.zovko@europarl.europa.eu,https://www.europarl.europa.eu/mepphoto/185341.jpg,https://www.europarl.europa.eu/meps/en/185341,https://howtheyvote.eu/votes/195775
96933,Milan ZVER,Milan,ZVER,Slovenia,SVN,,EPP,European People's Party,EPP,ABSTENTION,Abstained,Abstained,2026-07-09,milan.zver@europarl.europa.eu,https://www.europarl.europa.eu/mepphoto/96933.jpg,https://www.europarl.europa.eu/meps/en/96933,https://howtheyvote.eu/votes/195775
124884,Kosma ZŁOTOWSKI,Kosma,ZŁOTOWSKI,Poland,POL,,ECR,European Conservatives and Reformists,ECR,DID_NOT_VOTE,Did not vote,Did not vote,2026-07-09,kosma.zlotowski@europarl.europa.eu,https://www.europarl.europa.eu/mepphoto/124884.jpg,https://www.europarl.europa.eu/meps/en/124884,https://howtheyvote.eu/votes/195775
256807,Dainius ŽALIMAS,Dainius,ŽALIMAS,Lithuania,LTU,,Renew,Renew Europe,RENEW,FOR,Said no to action against child sexual abuse,Voted for rejection,2026-07-09,dainius.zalimas@europarl.europa.eu,https://www.europarl.europa.eu/mepphoto/256807.jpg,https://www.europarl.europa.eu/meps/en/256807,https://howtheyvote.eu/votes/195775
96791,Elżbieta Katarzyna ŁUKACIJEWSKA,Elżbieta Katarzyna,ŁUKACIJEWSKA,Poland,POL,,EPP,European People's Party,EPP,AGAINST,Voted to fight sexual abuse online,Voted against rejection,2026-07-09,elzbieta.lukacijewska@europarl.europa.eu,https://www.europarl.europa.eu/mepphoto/96791.jpg,https://www.europarl.europa.eu/meps/en/96791,https://howtheyvote.eu/votes/195775
